<?xml version="1.0" encoding="UTF-8"?><?xml-stylesheet type="text/xsl" href="repository-deploySimulateRollback.xsl"?><Report projectType="Repository" status="0" type="Checkpoint">
<depCandidate>myDeployment</depCandidate>
<depMapName>myDeploymentMap</depMapName>
<projectDescription/>
<startTime>2018-11-13 14:48:11 UTC</startTime>
<projectName>Authenticate-10.1.16</projectName>
<user>Administrator</user>
<messages>
<message timeStamp="2018-11-13 14:48:11 UTC" type="MESSAGE">
<messagebody>[DEP.0008.0021] Successfully deleted checkpoints for IS.</messagebody>
<attributes>
<targetserver name="QA"/>
</attributes>
</message>
<message timeStamp="2018-11-13 14:48:12 UTC" type="MESSAGE">
<messagebody>Asset WxMWS does not exist in the target Integration Server. Created checkpoint for the asset.</messagebody>
<attributes>
<targetserver name="QA"/>
<asset name="WxMWS" type="ispackage"/>
</attributes>
</message>
<message timeStamp="2018-11-13 14:48:12 UTC" type="MESSAGE">
<messagebody>Asset WxLog does not exist in the target Integration Server. Created checkpoint for the asset.</messagebody>
<attributes>
<targetserver name="QA"/>
<asset name="WxLog" type="ispackage"/>
</attributes>
</message>
<message timeStamp="2018-11-13 14:48:12 UTC" type="MESSAGE">
<messagebody>Asset Test1 exists in the target Integration Server. Created checkpoint for the asset.</messagebody>
<attributes>
<targetserver name="QA"/>
<asset name="Test1" type="ispackage"/>
</attributes>
</message>
<message timeStamp="2018-11-13 14:48:12 UTC" type="MESSAGE">
<messagebody>Created ACDL file for the composite Test1.</messagebody>
<attributes>
<targetserver name="QA"/>
<asset name="Test1" type="ispackage"/>
</attributes>
</message>
<message timeStamp="2018-11-13 14:48:12 UTC" type="MESSAGE">
<messagebody>Created binary file for the composite Test1.</messagebody>
<attributes>
<targetserver name="QA"/>
<asset name="Test1" type="ispackage"/>
</attributes>
</message>
<message timeStamp="2018-11-13 14:48:12 UTC" type="MESSAGE">
<messagebody>Asset FHGCommonServices does not exist in the target Integration Server. Created checkpoint for the asset.</messagebody>
<attributes>
<targetserver name="QA"/>
<asset name="FHGCommonServices" type="ispackage"/>
</attributes>
</message>
<message timeStamp="2018-11-13 14:48:12 UTC" type="MESSAGE">
<messagebody>Asset FHGCanonical does not exist in the target Integration Server. Created checkpoint for the asset.</messagebody>
<attributes>
<targetserver name="QA"/>
<asset name="FHGCanonical" type="ispackage"/>
</attributes>
</message>
<message timeStamp="2018-11-13 14:48:12 UTC" type="MESSAGE">
<messagebody>Asset FHGUtilities does not exist in the target Integration Server. Created checkpoint for the asset.</messagebody>
<attributes>
<targetserver name="QA"/>
<asset name="FHGUtilities" type="ispackage"/>
</attributes>
</message>
<message timeStamp="2018-11-13 14:48:12 UTC" type="MESSAGE">
<messagebody>Asset FHGProviderServices does not exist in the target Integration Server. Created checkpoint for the asset.</messagebody>
<attributes>
<targetserver name="QA"/>
<asset name="FHGProviderServices" type="ispackage"/>
</attributes>
</message>
<message timeStamp="2018-11-13 14:48:12 UTC" type="MESSAGE">
<messagebody>Persisted assets for checkpoint ID cbb68dfd-9ea4-4949-9508-f23c390f17e2.</messagebody>
<attributes>
<targetserver name="QA"/>
<asset name="" type=""/>
</attributes>
</message>
<message timeStamp="2018-11-13 14:48:12 UTC" type="SUCCESS">
<messagebody>Successfully created checkpoint for the checkpoint ID cbb68dfd-9ea4-4949-9508-f23c390f17e2.</messagebody>
<attributes>
<targetserver name="QA"/>
<asset name="" type=""/>
</attributes>
</message>
</messages>
<endTime>2018-11-13 14:48:12 UTC</endTime>
</Report>
