<?xml version="1.0" encoding="UTF-8"?><?xml-stylesheet type="text/xsl" href="repository-deploySimulateRollback.xsl"?><Report projectType="Repository" status="0" type="Checkpoint">
<depCandidate>myDeployment</depCandidate>
<depMapName>myDeploymentMap</depMapName>
<projectDescription/>
<startTime>2018-11-21 13:37:12 UTC</startTime>
<projectName>VerifyMember-10.1.49</projectName>
<user>Administrator</user>
<messages>
<message timeStamp="2018-11-21 13:37:13 UTC" type="MESSAGE">
<messagebody>[DEP.0008.0021] Successfully deleted checkpoints for IS.</messagebody>
<attributes>
<targetserver name="QA"/>
</attributes>
</message>
<message timeStamp="2018-11-21 13:37:13 UTC" type="MESSAGE">
<messagebody>Asset FHGCommonServices exists in the target Integration Server. Created checkpoint for the asset.</messagebody>
<attributes>
<targetserver name="QA"/>
<asset name="FHGCommonServices" type="ispackage"/>
</attributes>
</message>
<message timeStamp="2018-11-21 13:37:13 UTC" type="MESSAGE">
<messagebody>Created ACDL file for the composite FHGCommonServices.</messagebody>
<attributes>
<targetserver name="QA"/>
<asset name="FHGCommonServices" type="ispackage"/>
</attributes>
</message>
<message timeStamp="2018-11-21 13:37:13 UTC" type="MESSAGE">
<messagebody>Created binary file for the composite FHGCommonServices.</messagebody>
<attributes>
<targetserver name="QA"/>
<asset name="FHGCommonServices" type="ispackage"/>
</attributes>
</message>
<message timeStamp="2018-11-21 13:37:13 UTC" type="MESSAGE">
<messagebody>Asset WxMWS exists in the target Integration Server. Created checkpoint for the asset.</messagebody>
<attributes>
<targetserver name="QA"/>
<asset name="WxMWS" type="ispackage"/>
</attributes>
</message>
<message timeStamp="2018-11-21 13:37:13 UTC" type="MESSAGE">
<messagebody>Created ACDL file for the composite WxMWS.</messagebody>
<attributes>
<targetserver name="QA"/>
<asset name="WxMWS" type="ispackage"/>
</attributes>
</message>
<message timeStamp="2018-11-21 13:37:13 UTC" type="MESSAGE">
<messagebody>Created binary file for the composite WxMWS.</messagebody>
<attributes>
<targetserver name="QA"/>
<asset name="WxMWS" type="ispackage"/>
</attributes>
</message>
<message timeStamp="2018-11-21 13:37:14 UTC" type="MESSAGE">
<messagebody>Asset WxLog exists in the target Integration Server. Created checkpoint for the asset.</messagebody>
<attributes>
<targetserver name="QA"/>
<asset name="WxLog" type="ispackage"/>
</attributes>
</message>
<message timeStamp="2018-11-21 13:37:14 UTC" type="MESSAGE">
<messagebody>Created ACDL file for the composite WxLog.</messagebody>
<attributes>
<targetserver name="QA"/>
<asset name="WxLog" type="ispackage"/>
</attributes>
</message>
<message timeStamp="2018-11-21 13:37:14 UTC" type="MESSAGE">
<messagebody>Created binary file for the composite WxLog.</messagebody>
<attributes>
<targetserver name="QA"/>
<asset name="WxLog" type="ispackage"/>
</attributes>
</message>
<message timeStamp="2018-11-21 13:37:14 UTC" type="MESSAGE">
<messagebody>Asset FHGCanonical exists in the target Integration Server. Created checkpoint for the asset.</messagebody>
<attributes>
<targetserver name="QA"/>
<asset name="FHGCanonical" type="ispackage"/>
</attributes>
</message>
<message timeStamp="2018-11-21 13:37:14 UTC" type="MESSAGE">
<messagebody>Asset FHGCanonical.docs.verifyMemberRequest does not exist in the target Integration Server. Created checkpoint for the asset.</messagebody>
<attributes>
<targetserver name="QA"/>
<asset name="FHGCanonical.docs.verifyMemberRequest" type="isdocumenttype"/>
</attributes>
</message>
<message timeStamp="2018-11-21 13:37:14 UTC" type="MESSAGE">
<messagebody>Asset FHGCanonical.docs.verifyMemberFHN3Response does not exist in the target Integration Server. Created checkpoint for the asset.</messagebody>
<attributes>
<targetserver name="QA"/>
<asset name="FHGCanonical.docs.verifyMemberFHN3Response" type="isdocumenttype"/>
</attributes>
</message>
<message timeStamp="2018-11-21 13:37:14 UTC" type="MESSAGE">
<messagebody>Asset FHGCanonical.docs.verifyMemberResponse does not exist in the target Integration Server. Created checkpoint for the asset.</messagebody>
<attributes>
<targetserver name="QA"/>
<asset name="FHGCanonical.docs.verifyMemberResponse" type="isdocumenttype"/>
</attributes>
</message>
<message timeStamp="2018-11-21 13:37:14 UTC" type="MESSAGE">
<messagebody>Asset FHGCanonical.docs.verifyMemberFHN3Request does not exist in the target Integration Server. Created checkpoint for the asset.</messagebody>
<attributes>
<targetserver name="QA"/>
<asset name="FHGCanonical.docs.verifyMemberFHN3Request" type="isdocumenttype"/>
</attributes>
</message>
<message timeStamp="2018-11-21 13:37:14 UTC" type="MESSAGE">
<messagebody>Created ACDL file for the composite FHGCanonical.</messagebody>
<attributes>
<targetserver name="QA"/>
<asset name="FHGCanonical" type="ispackage"/>
</attributes>
</message>
<message timeStamp="2018-11-21 13:37:14 UTC" type="MESSAGE">
<messagebody>Created binary file for the composite FHGCanonical.</messagebody>
<attributes>
<targetserver name="QA"/>
<asset name="FHGCanonical" type="ispackage"/>
</attributes>
</message>
<message timeStamp="2018-11-21 13:37:14 UTC" type="MESSAGE">
<messagebody>Asset FHGFHN3SG does not exist in the target Integration Server. Created checkpoint for the asset.</messagebody>
<attributes>
<targetserver name="QA"/>
<asset name="FHGFHN3SG" type="ispackage"/>
</attributes>
</message>
<message timeStamp="2018-11-21 13:37:14 UTC" type="MESSAGE">
<messagebody>Asset FHGMemberServices does not exist in the target Integration Server. Created checkpoint for the asset.</messagebody>
<attributes>
<targetserver name="QA"/>
<asset name="FHGMemberServices" type="ispackage"/>
</attributes>
</message>
<message timeStamp="2018-11-21 13:37:14 UTC" type="MESSAGE">
<messagebody>Asset FHGUtilities exists in the target Integration Server. Created checkpoint for the asset.</messagebody>
<attributes>
<targetserver name="QA"/>
<asset name="FHGUtilities" type="ispackage"/>
</attributes>
</message>
<message timeStamp="2018-11-21 13:37:14 UTC" type="MESSAGE">
<messagebody>Created ACDL file for the composite FHGUtilities.</messagebody>
<attributes>
<targetserver name="QA"/>
<asset name="FHGUtilities" type="ispackage"/>
</attributes>
</message>
<message timeStamp="2018-11-21 13:37:14 UTC" type="MESSAGE">
<messagebody>Created binary file for the composite FHGUtilities.</messagebody>
<attributes>
<targetserver name="QA"/>
<asset name="FHGUtilities" type="ispackage"/>
</attributes>
</message>
<message timeStamp="2018-11-21 13:37:14 UTC" type="MESSAGE">
<messagebody>Asset FHGProviderServices exists in the target Integration Server. Created checkpoint for the asset.</messagebody>
<attributes>
<targetserver name="QA"/>
<asset name="FHGProviderServices" type="ispackage"/>
</attributes>
</message>
<message timeStamp="2018-11-21 13:37:14 UTC" type="MESSAGE">
<messagebody>Created ACDL file for the composite FHGProviderServices.</messagebody>
<attributes>
<targetserver name="QA"/>
<asset name="FHGProviderServices" type="ispackage"/>
</attributes>
</message>
<message timeStamp="2018-11-21 13:37:14 UTC" type="MESSAGE">
<messagebody>Created binary file for the composite FHGProviderServices.</messagebody>
<attributes>
<targetserver name="QA"/>
<asset name="FHGProviderServices" type="ispackage"/>
</attributes>
</message>
<message timeStamp="2018-11-21 13:37:15 UTC" type="MESSAGE">
<messagebody>Asset Acl.DeployerAdmin exists in the target Integration Server. Created checkpoint for the asset.</messagebody>
<attributes>
<targetserver name="QA"/>
<asset name="Acl.DeployerAdmin" type="isacl"/>
</attributes>
</message>
<message timeStamp="2018-11-21 13:37:15 UTC" type="MESSAGE">
<messagebody>Asset Acl.ISConnect exists in the target Integration Server. Created checkpoint for the asset.</messagebody>
<attributes>
<targetserver name="QA"/>
<asset name="Acl.ISConnect" type="isacl"/>
</attributes>
</message>
<message timeStamp="2018-11-21 13:37:15 UTC" type="MESSAGE">
<messagebody>Asset Acl.Authenticate exists in the target Integration Server. Created checkpoint for the asset.</messagebody>
<attributes>
<targetserver name="QA"/>
<asset name="Acl.Authenticate" type="isacl"/>
</attributes>
</message>
<message timeStamp="2018-11-21 13:37:15 UTC" type="MESSAGE">
<messagebody>Asset Acl.MonitorAdministrators exists in the target Integration Server. Created checkpoint for the asset.</messagebody>
<attributes>
<targetserver name="QA"/>
<asset name="Acl.MonitorAdministrators" type="isacl"/>
</attributes>
</message>
<message timeStamp="2018-11-21 13:37:15 UTC" type="MESSAGE">
<messagebody>Asset Acl.MonitorUsers exists in the target Integration Server. Created checkpoint for the asset.</messagebody>
<attributes>
<targetserver name="QA"/>
<asset name="Acl.MonitorUsers" type="isacl"/>
</attributes>
</message>
<message timeStamp="2018-11-21 13:37:15 UTC" type="MESSAGE">
<messagebody>Asset URLAlias.member does not exist in the target Integration Server. Created checkpoint for the asset.</messagebody>
<attributes>
<targetserver name="QA"/>
<asset name="URLAlias.member" type="isurlalias"/>
</attributes>
</message>
<message timeStamp="2018-11-21 13:37:15 UTC" type="MESSAGE">
<messagebody>Asset URLAlias.provider exists in the target Integration Server. Created checkpoint for the asset.</messagebody>
<attributes>
<targetserver name="QA"/>
<asset name="URLAlias.provider" type="isurlalias"/>
</attributes>
</message>
<message timeStamp="2018-11-21 13:37:15 UTC" type="MESSAGE">
<messagebody>Asset URLAlias.utilities exists in the target Integration Server. Created checkpoint for the asset.</messagebody>
<attributes>
<targetserver name="QA"/>
<asset name="URLAlias.utilities" type="isurlalias"/>
</attributes>
</message>
<message timeStamp="2018-11-21 13:37:15 UTC" type="MESSAGE">
<messagebody>Asset GlobalVariable.test exists in the target Integration Server. Created checkpoint for the asset.</messagebody>
<attributes>
<targetserver name="QA"/>
<asset name="GlobalVariable.test" type="isglobalvariable"/>
</attributes>
</message>
<message timeStamp="2018-11-21 13:37:15 UTC" type="MESSAGE">
<messagebody>Asset GlobalVariable.v01.authenticateUser.url exists in the target Integration Server. Created checkpoint for the asset.</messagebody>
<attributes>
<targetserver name="QA"/>
<asset name="GlobalVariable.v01.authenticateUser.url" type="isglobalvariable"/>
</attributes>
</message>
<message timeStamp="2018-11-21 13:37:15 UTC" type="MESSAGE">
<messagebody>Asset GlobalVariable.v01.authenticateUser.timeout exists in the target Integration Server. Created checkpoint for the asset.</messagebody>
<attributes>
<targetserver name="QA"/>
<asset name="GlobalVariable.v01.authenticateUser.timeout" type="isglobalvariable"/>
</attributes>
</message>
<message timeStamp="2018-11-21 13:37:15 UTC" type="MESSAGE">
<messagebody>Asset GlobalVariable.v01.authenticate.service_id exists in the target Integration Server. Created checkpoint for the asset.</messagebody>
<attributes>
<targetserver name="QA"/>
<asset name="GlobalVariable.v01.authenticate.service_id" type="isglobalvariable"/>
</attributes>
</message>
<message timeStamp="2018-11-21 13:37:15 UTC" type="MESSAGE">
<messagebody>Asset GlobalVariable.v01.authenticate.logger exists in the target Integration Server. Created checkpoint for the asset.</messagebody>
<attributes>
<targetserver name="QA"/>
<asset name="GlobalVariable.v01.authenticate.logger" type="isglobalvariable"/>
</attributes>
</message>
<message timeStamp="2018-11-21 13:37:15 UTC" type="MESSAGE">
<messagebody>Asset GlobalVariable.v01.authenticate.success exists in the target Integration Server. Created checkpoint for the asset.</messagebody>
<attributes>
<targetserver name="QA"/>
<asset name="GlobalVariable.v01.authenticate.success" type="isglobalvariable"/>
</attributes>
</message>
<message timeStamp="2018-11-21 13:37:15 UTC" type="MESSAGE">
<messagebody>Asset GlobalVariable.v01.authenticate.successstatus exists in the target Integration Server. Created checkpoint for the asset.</messagebody>
<attributes>
<targetserver name="QA"/>
<asset name="GlobalVariable.v01.authenticate.successstatus" type="isglobalvariable"/>
</attributes>
</message>
<message timeStamp="2018-11-21 13:37:15 UTC" type="MESSAGE">
<messagebody>Asset GlobalVariable.v01.authenticate.failure exists in the target Integration Server. Created checkpoint for the asset.</messagebody>
<attributes>
<targetserver name="QA"/>
<asset name="GlobalVariable.v01.authenticate.failure" type="isglobalvariable"/>
</attributes>
</message>
<message timeStamp="2018-11-21 13:37:15 UTC" type="MESSAGE">
<messagebody>Asset GlobalVariable..authenticate.failurestatus exists in the target Integration Server. Created checkpoint for the asset.</messagebody>
<attributes>
<targetserver name="QA"/>
<asset name="GlobalVariable..authenticate.failurestatus" type="isglobalvariable"/>
</attributes>
</message>
<message timeStamp="2018-11-21 13:37:15 UTC" type="MESSAGE">
<messagebody>Asset GlobalVariable.v01.authenticate.invalidlogin.code exists in the target Integration Server. Created checkpoint for the asset.</messagebody>
<attributes>
<targetserver name="QA"/>
<asset name="GlobalVariable.v01.authenticate.invalidlogin.code" type="isglobalvariable"/>
</attributes>
</message>
<message timeStamp="2018-11-21 13:37:15 UTC" type="MESSAGE">
<messagebody>Asset GlobalVariable.v01.authenticate.invalidlogin.message exists in the target Integration Server. Created checkpoint for the asset.</messagebody>
<attributes>
<targetserver name="QA"/>
<asset name="GlobalVariable.v01.authenticate.invalidlogin.message" type="isglobalvariable"/>
</attributes>
</message>
<message timeStamp="2018-11-21 13:37:15 UTC" type="MESSAGE">
<messagebody>Asset GlobalVariable.v01.authenticate.internalerror.code exists in the target Integration Server. Created checkpoint for the asset.</messagebody>
<attributes>
<targetserver name="QA"/>
<asset name="GlobalVariable.v01.authenticate.internalerror.code" type="isglobalvariable"/>
</attributes>
</message>
<message timeStamp="2018-11-21 13:37:15 UTC" type="MESSAGE">
<messagebody>Asset GlobalVariable.v01.authenticate.dataissue.code exists in the target Integration Server. Created checkpoint for the asset.</messagebody>
<attributes>
<targetserver name="QA"/>
<asset name="GlobalVariable.v01.authenticate.dataissue.code" type="isglobalvariable"/>
</attributes>
</message>
<message timeStamp="2018-11-21 13:37:15 UTC" type="MESSAGE">
<messagebody>Asset GlobalVariable.v01.authenticate.dataissue.message exists in the target Integration Server. Created checkpoint for the asset.</messagebody>
<attributes>
<targetserver name="QA"/>
<asset name="GlobalVariable.v01.authenticate.dataissue.message" type="isglobalvariable"/>
</attributes>
</message>
<message timeStamp="2018-11-21 13:37:15 UTC" type="MESSAGE">
<messagebody>Asset GlobalVariable.v01.authenticate.failurestatus exists in the target Integration Server. Created checkpoint for the asset.</messagebody>
<attributes>
<targetserver name="QA"/>
<asset name="GlobalVariable.v01.authenticate.failurestatus" type="isglobalvariable"/>
</attributes>
</message>
<message timeStamp="2018-11-21 13:37:15 UTC" type="MESSAGE">
<messagebody>Asset GlobalVariable.v01.verifyMember.FHN3URL does not exist in the target Integration Server. Created checkpoint for the asset.</messagebody>
<attributes>
<targetserver name="QA"/>
<asset name="GlobalVariable.v01.verifyMember.FHN3URL" type="isglobalvariable"/>
</attributes>
</message>
<message timeStamp="2018-11-21 13:37:15 UTC" type="MESSAGE">
<messagebody>Asset GlobalVariable.v01.verifyMember.timeout does not exist in the target Integration Server. Created checkpoint for the asset.</messagebody>
<attributes>
<targetserver name="QA"/>
<asset name="GlobalVariable.v01.verifyMember.timeout" type="isglobalvariable"/>
</attributes>
</message>
<message timeStamp="2018-11-21 13:37:15 UTC" type="MESSAGE">
<messagebody>Asset GlobalVariable.v01.verifyMember.FHN3.500Error does not exist in the target Integration Server. Created checkpoint for the asset.</messagebody>
<attributes>
<targetserver name="QA"/>
<asset name="GlobalVariable.v01.verifyMember.FHN3.500Error" type="isglobalvariable"/>
</attributes>
</message>
<message timeStamp="2018-11-21 13:37:15 UTC" type="MESSAGE">
<messagebody>Asset GlobalVariable.v01.verifyMember.FHN3.Error does not exist in the target Integration Server. Created checkpoint for the asset.</messagebody>
<attributes>
<targetserver name="QA"/>
<asset name="GlobalVariable.v01.verifyMember.FHN3.Error" type="isglobalvariable"/>
</attributes>
</message>
<message timeStamp="2018-11-21 13:37:15 UTC" type="MESSAGE">
<messagebody>Asset GlobalVariable.v01.verifyMember.ESB.ErrorCode does not exist in the target Integration Server. Created checkpoint for the asset.</messagebody>
<attributes>
<targetserver name="QA"/>
<asset name="GlobalVariable.v01.verifyMember.ESB.ErrorCode" type="isglobalvariable"/>
</attributes>
</message>
<message timeStamp="2018-11-21 13:37:15 UTC" type="MESSAGE">
<messagebody>Asset GlobalVariable.v01.verifyMember.service_id does not exist in the target Integration Server. Created checkpoint for the asset.</messagebody>
<attributes>
<targetserver name="QA"/>
<asset name="GlobalVariable.v01.verifyMember.service_id" type="isglobalvariable"/>
</attributes>
</message>
<message timeStamp="2018-11-21 13:37:15 UTC" type="MESSAGE">
<messagebody>Asset GlobalVariable.v01.verifyMember.logger does not exist in the target Integration Server. Created checkpoint for the asset.</messagebody>
<attributes>
<targetserver name="QA"/>
<asset name="GlobalVariable.v01.verifyMember.logger" type="isglobalvariable"/>
</attributes>
</message>
<message timeStamp="2018-11-21 13:37:15 UTC" type="MESSAGE">
<messagebody>Asset GlobalVariable.v01.verifyMember.dataissue.code does not exist in the target Integration Server. Created checkpoint for the asset.</messagebody>
<attributes>
<targetserver name="QA"/>
<asset name="GlobalVariable.v01.verifyMember.dataissue.code" type="isglobalvariable"/>
</attributes>
</message>
<message timeStamp="2018-11-21 13:37:15 UTC" type="MESSAGE">
<messagebody>Asset GlobalVariable.v01.verifyMember.failure does not exist in the target Integration Server. Created checkpoint for the asset.</messagebody>
<attributes>
<targetserver name="QA"/>
<asset name="GlobalVariable.v01.verifyMember.failure" type="isglobalvariable"/>
</attributes>
</message>
<message timeStamp="2018-11-21 13:37:15 UTC" type="MESSAGE">
<messagebody>Asset GlobalVariable.v01.verifyMember.dataissue.message does not exist in the target Integration Server. Created checkpoint for the asset.</messagebody>
<attributes>
<targetserver name="QA"/>
<asset name="GlobalVariable.v01.verifyMember.dataissue.message" type="isglobalvariable"/>
</attributes>
</message>
<message timeStamp="2018-11-21 13:37:15 UTC" type="MESSAGE">
<messagebody>Created ACDL file for the composite isconfiguration.</messagebody>
<attributes>
<targetserver name="QA"/>
<asset name="isconfiguration" type="isconfiguration"/>
</attributes>
</message>
<message timeStamp="2018-11-21 13:37:15 UTC" type="MESSAGE">
<messagebody>Created binary file for the composite isconfiguration.</messagebody>
<attributes>
<targetserver name="QA"/>
<asset name="isconfiguration" type="isconfiguration"/>
</attributes>
</message>
<message timeStamp="2018-11-21 13:37:15 UTC" type="MESSAGE">
<messagebody>Persisted assets for checkpoint ID 90e0cd04-175c-4f1e-81f4-8abd218d3b83.</messagebody>
<attributes>
<targetserver name="QA"/>
<asset name="" type=""/>
</attributes>
</message>
<message timeStamp="2018-11-21 13:37:15 UTC" type="SUCCESS">
<messagebody>Successfully created checkpoint for the checkpoint ID 90e0cd04-175c-4f1e-81f4-8abd218d3b83.</messagebody>
<attributes>
<targetserver name="QA"/>
<asset name="" type=""/>
</attributes>
</message>
</messages>
<endTime>2018-11-21 13:37:15 UTC</endTime>
</Report>
