<?xml version="1.0" encoding="UTF-8"?><?xml-stylesheet type="text/xsl" href="repository-deploySimulateRollback.xsl"?><Report projectType="Repository" status="0" type="Checkpoint">
<depCandidate>myDeployment</depCandidate>
<depMapName>myDeploymentMap</depMapName>
<projectDescription/>
<startTime>2018-11-13 15:03:27 UTC</startTime>
<projectName>Authenticate-10.1.17</projectName>
<user>Administrator</user>
<messages>
<message timeStamp="2018-11-13 15:03:27 UTC" type="MESSAGE">
<messagebody>[DEP.0008.0021] Successfully deleted checkpoints for IS.</messagebody>
<attributes>
<targetserver name="QA"/>
</attributes>
</message>
<message timeStamp="2018-11-13 15:03:28 UTC" type="MESSAGE">
<messagebody>Asset WxMWS exists in the target Integration Server. Created checkpoint for the asset.</messagebody>
<attributes>
<targetserver name="QA"/>
<asset name="WxMWS" type="ispackage"/>
</attributes>
</message>
<message timeStamp="2018-11-13 15:03:28 UTC" type="MESSAGE">
<messagebody>Created ACDL file for the composite WxMWS.</messagebody>
<attributes>
<targetserver name="QA"/>
<asset name="WxMWS" type="ispackage"/>
</attributes>
</message>
<message timeStamp="2018-11-13 15:03:28 UTC" type="MESSAGE">
<messagebody>Created binary file for the composite WxMWS.</messagebody>
<attributes>
<targetserver name="QA"/>
<asset name="WxMWS" type="ispackage"/>
</attributes>
</message>
<message timeStamp="2018-11-13 15:03:28 UTC" type="MESSAGE">
<messagebody>Asset WxLog exists in the target Integration Server. Created checkpoint for the asset.</messagebody>
<attributes>
<targetserver name="QA"/>
<asset name="WxLog" type="ispackage"/>
</attributes>
</message>
<message timeStamp="2018-11-13 15:03:28 UTC" type="MESSAGE">
<messagebody>Created ACDL file for the composite WxLog.</messagebody>
<attributes>
<targetserver name="QA"/>
<asset name="WxLog" type="ispackage"/>
</attributes>
</message>
<message timeStamp="2018-11-13 15:03:28 UTC" type="MESSAGE">
<messagebody>Created binary file for the composite WxLog.</messagebody>
<attributes>
<targetserver name="QA"/>
<asset name="WxLog" type="ispackage"/>
</attributes>
</message>
<message timeStamp="2018-11-13 15:03:28 UTC" type="MESSAGE">
<messagebody>Asset Test1 exists in the target Integration Server. Created checkpoint for the asset.</messagebody>
<attributes>
<targetserver name="QA"/>
<asset name="Test1" type="ispackage"/>
</attributes>
</message>
<message timeStamp="2018-11-13 15:03:28 UTC" type="MESSAGE">
<messagebody>Created ACDL file for the composite Test1.</messagebody>
<attributes>
<targetserver name="QA"/>
<asset name="Test1" type="ispackage"/>
</attributes>
</message>
<message timeStamp="2018-11-13 15:03:28 UTC" type="MESSAGE">
<messagebody>Created binary file for the composite Test1.</messagebody>
<attributes>
<targetserver name="QA"/>
<asset name="Test1" type="ispackage"/>
</attributes>
</message>
<message timeStamp="2018-11-13 15:03:28 UTC" type="MESSAGE">
<messagebody>Asset FHGCommonServices exists in the target Integration Server. Created checkpoint for the asset.</messagebody>
<attributes>
<targetserver name="QA"/>
<asset name="FHGCommonServices" type="ispackage"/>
</attributes>
</message>
<message timeStamp="2018-11-13 15:03:28 UTC" type="MESSAGE">
<messagebody>Created ACDL file for the composite FHGCommonServices.</messagebody>
<attributes>
<targetserver name="QA"/>
<asset name="FHGCommonServices" type="ispackage"/>
</attributes>
</message>
<message timeStamp="2018-11-13 15:03:28 UTC" type="MESSAGE">
<messagebody>Created binary file for the composite FHGCommonServices.</messagebody>
<attributes>
<targetserver name="QA"/>
<asset name="FHGCommonServices" type="ispackage"/>
</attributes>
</message>
<message timeStamp="2018-11-13 15:03:28 UTC" type="MESSAGE">
<messagebody>Asset FHGCanonical exists in the target Integration Server. Created checkpoint for the asset.</messagebody>
<attributes>
<targetserver name="QA"/>
<asset name="FHGCanonical" type="ispackage"/>
</attributes>
</message>
<message timeStamp="2018-11-13 15:03:28 UTC" type="MESSAGE">
<messagebody>Created ACDL file for the composite FHGCanonical.</messagebody>
<attributes>
<targetserver name="QA"/>
<asset name="FHGCanonical" type="ispackage"/>
</attributes>
</message>
<message timeStamp="2018-11-13 15:03:28 UTC" type="MESSAGE">
<messagebody>Created binary file for the composite FHGCanonical.</messagebody>
<attributes>
<targetserver name="QA"/>
<asset name="FHGCanonical" type="ispackage"/>
</attributes>
</message>
<message timeStamp="2018-11-13 15:03:28 UTC" type="MESSAGE">
<messagebody>Asset FHGUtilities exists in the target Integration Server. Created checkpoint for the asset.</messagebody>
<attributes>
<targetserver name="QA"/>
<asset name="FHGUtilities" type="ispackage"/>
</attributes>
</message>
<message timeStamp="2018-11-13 15:03:28 UTC" type="MESSAGE">
<messagebody>Created ACDL file for the composite FHGUtilities.</messagebody>
<attributes>
<targetserver name="QA"/>
<asset name="FHGUtilities" type="ispackage"/>
</attributes>
</message>
<message timeStamp="2018-11-13 15:03:28 UTC" type="MESSAGE">
<messagebody>Created binary file for the composite FHGUtilities.</messagebody>
<attributes>
<targetserver name="QA"/>
<asset name="FHGUtilities" type="ispackage"/>
</attributes>
</message>
<message timeStamp="2018-11-13 15:03:29 UTC" type="MESSAGE">
<messagebody>Asset FHGProviderServices exists in the target Integration Server. Created checkpoint for the asset.</messagebody>
<attributes>
<targetserver name="QA"/>
<asset name="FHGProviderServices" type="ispackage"/>
</attributes>
</message>
<message timeStamp="2018-11-13 15:03:29 UTC" type="MESSAGE">
<messagebody>Asset FHGProviderServices.services.security.authenticate does not exist in the target Integration Server. Created checkpoint for the asset.</messagebody>
<attributes>
<targetserver name="QA"/>
<asset name="FHGProviderServices.services.security.authenticate" type="isflowservice"/>
</attributes>
</message>
<message timeStamp="2018-11-13 15:03:29 UTC" type="MESSAGE">
<messagebody>Asset FHGProviderServices.services.security.authenticateUser does not exist in the target Integration Server. Created checkpoint for the asset.</messagebody>
<attributes>
<targetserver name="QA"/>
<asset name="FHGProviderServices.services.security.authenticateUser" type="isflowservice"/>
</attributes>
</message>
<message timeStamp="2018-11-13 15:03:29 UTC" type="MESSAGE">
<messagebody>Asset FHGProviderServices.services.security.restSvc does not exist in the target Integration Server. Created checkpoint for the asset.</messagebody>
<attributes>
<targetserver name="QA"/>
<asset name="FHGProviderServices.services.security.restSvc" type="isflowservice"/>
</attributes>
</message>
<message timeStamp="2018-11-13 15:03:29 UTC" type="MESSAGE">
<messagebody>Asset FHGProviderServices.api.resources.provider does not exist in the target Integration Server. Created checkpoint for the asset.</messagebody>
<attributes>
<targetserver name="QA"/>
<asset name="FHGProviderServices.api.resources.provider" type="isrestresource"/>
</attributes>
</message>
<message timeStamp="2018-11-13 15:03:29 UTC" type="MESSAGE">
<messagebody>Created ACDL file for the composite FHGProviderServices.</messagebody>
<attributes>
<targetserver name="QA"/>
<asset name="FHGProviderServices" type="ispackage"/>
</attributes>
</message>
<message timeStamp="2018-11-13 15:03:29 UTC" type="MESSAGE">
<messagebody>Created binary file for the composite FHGProviderServices.</messagebody>
<attributes>
<targetserver name="QA"/>
<asset name="FHGProviderServices" type="ispackage"/>
</attributes>
</message>
<message timeStamp="2018-11-13 15:03:29 UTC" type="MESSAGE">
<messagebody>Persisted assets for checkpoint ID 7c16c167-8f7c-4327-8fad-3650824b9906.</messagebody>
<attributes>
<targetserver name="QA"/>
<asset name="" type=""/>
</attributes>
</message>
<message timeStamp="2018-11-13 15:03:29 UTC" type="SUCCESS">
<messagebody>Successfully created checkpoint for the checkpoint ID 7c16c167-8f7c-4327-8fad-3650824b9906.</messagebody>
<attributes>
<targetserver name="QA"/>
<asset name="" type=""/>
</attributes>
</message>
</messages>
<endTime>2018-11-13 15:03:29 UTC</endTime>
</Report>
