<?xml version="1.0" encoding="UTF-8"?><?xml-stylesheet type="text/xsl" href="repository-deploySimulateRollback.xsl"?><Report projectType="Repository" status="1" type="Deploy">
<depCandidate>myDeployment</depCandidate>
<depMapName>myDeploymentMap</depMapName>
<projectDescription/>
<startTime>2018-11-13 14:48:12 UTC</startTime>
<projectName>Authenticate-10.1.16</projectName>
<user>Administrator</user>
<messages>
<message timeStamp="2018-11-13 14:48:12 UTC" type="MESSAGE">
<messagebody>[DEP.0005.1168] Deleted previously delivered artifacts successfully for IS.</messagebody>
<attributes>
<targetserver name="QA"/>
</attributes>
</message>
<message timeStamp="2018-11-13 14:48:13 UTC" type="MESSAGE">
<messagebody>[DEP.0005.1164] Artifacts delivered successfully to IS.</messagebody>
<attributes>
<targetserver name="QA"/>
</attributes>
</message>
<message timeStamp="2018-11-13 14:48:13 UTC" type="SUCCESS">
<messagebody>WxMWS package installed and activated. Package has been moved to archive area as WxMWS.zip_20181113144813.</messagebody>
<attributes>
<targetserver name="QA"/>
<asset name="WxMWS" type="ispackage"/>
</attributes>
</message>
<message timeStamp="2018-11-13 14:48:18 UTC" type="SUCCESS">
<messagebody>WxLog package installed and activated. Package has been moved to archive area as WxLog.zip_20181113144818.</messagebody>
<attributes>
<targetserver name="QA"/>
<asset name="WxLog" type="ispackage"/>
</attributes>
</message>
<message timeStamp="2018-11-13 14:48:18 UTC" type="SUCCESS">
<messagebody>Test1 package installed and activated. The original package has been moved to package recovery area. Package has been moved to archive area as Test1.zip_20181113144818.</messagebody>
<attributes>
<targetserver name="QA"/>
<asset name="Test1" type="ispackage"/>
</attributes>
</message>
<message timeStamp="2018-11-13 14:48:22 UTC" type="SUCCESS">
<messagebody>FHGCommonServices package installed and activated. Package has been moved to archive area as FHGCommonServices.zip_20181113144822.</messagebody>
<attributes>
<targetserver name="QA"/>
<asset name="FHGCommonServices" type="ispackage"/>
</attributes>
</message>
<message timeStamp="2018-11-13 14:48:22 UTC" type="SUCCESS">
<messagebody>FHGCanonical package installed and activated. Package has been moved to archive area as FHGCanonical.zip_20181113144822.</messagebody>
<attributes>
<targetserver name="QA"/>
<asset name="FHGCanonical" type="ispackage"/>
</attributes>
</message>
<message timeStamp="2018-11-13 14:48:25 UTC" type="SUCCESS">
<messagebody>FHGUtilities package installed and activated. Package has been moved to archive area as FHGUtilities.zip_20181113144825.</messagebody>
<attributes>
<targetserver name="QA"/>
<asset name="FHGUtilities" type="ispackage"/>
</attributes>
</message>
<message timeStamp="2018-11-13 14:48:25 UTC" type="WARNING">
<messagebody>The deployed package FHGProviderServices is disabled. Check the Integration Server logs for any errors that may have occurred during deployment. If the package contains Adapter or .NET assets for which variable substitution parameters were specified, you must perform the variable substitutions manually on the Integration Server for the changes to take effect.</messagebody>
<attributes>
<targetserver name="QA"/>
<asset name="FHGProviderServices" type="ispackage"/>
</attributes>
</message>
<message timeStamp="2018-11-13 14:48:25 UTC" type="SUCCESS">
<messagebody>FHGProviderServices package installed but not enabled; see package details page for more information Package has been moved to archive area as FHGProviderServices.zip_20181113144825.</messagebody>
<attributes>
<targetserver name="QA"/>
<asset name="FHGProviderServices" type="ispackage"/>
</attributes>
</message>
</messages>
<endTime>2018-11-13 14:48:26 UTC</endTime>
</Report>
