<?xml version="1.0" encoding="UTF-8"?><?xml-stylesheet type="text/xsl" href="repository-deploySimulateRollback.xsl"?><Report projectType="Repository" status="0" type="Checkpoint">
<depCandidate>myDeployment</depCandidate>
<depMapName>myDeploymentMap</depMapName>
<projectDescription/>
<startTime>2018-11-16 04:34:22 UTC</startTime>
<projectName>Authenticate-10.1.40</projectName>
<user>Administrator</user>
<messages>
<message timeStamp="2018-11-16 04:34:22 UTC" type="MESSAGE">
<messagebody>[DEP.0008.0021] Successfully deleted checkpoints for IS.</messagebody>
<attributes>
<targetserver name="QA"/>
</attributes>
</message>
<message timeStamp="2018-11-16 04:34:23 UTC" type="MESSAGE">
<messagebody>Asset WxLog exists in the target Integration Server. Created checkpoint for the asset.</messagebody>
<attributes>
<targetserver name="QA"/>
<asset name="WxLog" type="ispackage"/>
</attributes>
</message>
<message timeStamp="2018-11-16 04:34:23 UTC" type="MESSAGE">
<messagebody>Created ACDL file for the composite WxLog.</messagebody>
<attributes>
<targetserver name="QA"/>
<asset name="WxLog" type="ispackage"/>
</attributes>
</message>
<message timeStamp="2018-11-16 04:34:23 UTC" type="MESSAGE">
<messagebody>Created binary file for the composite WxLog.</messagebody>
<attributes>
<targetserver name="QA"/>
<asset name="WxLog" type="ispackage"/>
</attributes>
</message>
<message timeStamp="2018-11-16 04:34:23 UTC" type="MESSAGE">
<messagebody>Asset WxMWS exists in the target Integration Server. Created checkpoint for the asset.</messagebody>
<attributes>
<targetserver name="QA"/>
<asset name="WxMWS" type="ispackage"/>
</attributes>
</message>
<message timeStamp="2018-11-16 04:34:23 UTC" type="MESSAGE">
<messagebody>Asset WxMWS.config.aclmap_pkg.cnf does not exist in the target Integration Server. Created checkpoint for the asset.</messagebody>
<attributes>
<targetserver name="QA"/>
<asset name="WxMWS.config.aclmap_pkg.cnf" type="isfile"/>
</attributes>
</message>
<message timeStamp="2018-11-16 04:34:23 UTC" type="MESSAGE">
<messagebody>Created ACDL file for the composite WxMWS.</messagebody>
<attributes>
<targetserver name="QA"/>
<asset name="WxMWS" type="ispackage"/>
</attributes>
</message>
<message timeStamp="2018-11-16 04:34:23 UTC" type="MESSAGE">
<messagebody>Created binary file for the composite WxMWS.</messagebody>
<attributes>
<targetserver name="QA"/>
<asset name="WxMWS" type="ispackage"/>
</attributes>
</message>
<message timeStamp="2018-11-16 04:34:23 UTC" type="MESSAGE">
<messagebody>Asset FHGCommonServices exists in the target Integration Server. Created checkpoint for the asset.</messagebody>
<attributes>
<targetserver name="QA"/>
<asset name="FHGCommonServices" type="ispackage"/>
</attributes>
</message>
<message timeStamp="2018-11-16 04:34:23 UTC" type="MESSAGE">
<messagebody>Asset FHGCommonServices.config.aclmap_pkg.cnf does not exist in the target Integration Server. Created checkpoint for the asset.</messagebody>
<attributes>
<targetserver name="QA"/>
<asset name="FHGCommonServices.config.aclmap_pkg.cnf" type="isfile"/>
</attributes>
</message>
<message timeStamp="2018-11-16 04:34:23 UTC" type="MESSAGE">
<messagebody>Created ACDL file for the composite FHGCommonServices.</messagebody>
<attributes>
<targetserver name="QA"/>
<asset name="FHGCommonServices" type="ispackage"/>
</attributes>
</message>
<message timeStamp="2018-11-16 04:34:23 UTC" type="MESSAGE">
<messagebody>Created binary file for the composite FHGCommonServices.</messagebody>
<attributes>
<targetserver name="QA"/>
<asset name="FHGCommonServices" type="ispackage"/>
</attributes>
</message>
<message timeStamp="2018-11-16 04:34:23 UTC" type="MESSAGE">
<messagebody>Asset FHGCanonical exists in the target Integration Server. Created checkpoint for the asset.</messagebody>
<attributes>
<targetserver name="QA"/>
<asset name="FHGCanonical" type="ispackage"/>
</attributes>
</message>
<message timeStamp="2018-11-16 04:34:23 UTC" type="MESSAGE">
<messagebody>Asset FHGCanonical.config.aclmap_pkg.cnf does not exist in the target Integration Server. Created checkpoint for the asset.</messagebody>
<attributes>
<targetserver name="QA"/>
<asset name="FHGCanonical.config.aclmap_pkg.cnf" type="isfile"/>
</attributes>
</message>
<message timeStamp="2018-11-16 04:34:23 UTC" type="MESSAGE">
<messagebody>Asset FHGCanonical.config.readmap_pkg.cnf does not exist in the target Integration Server. Created checkpoint for the asset.</messagebody>
<attributes>
<targetserver name="QA"/>
<asset name="FHGCanonical.config.readmap_pkg.cnf" type="isfile"/>
</attributes>
</message>
<message timeStamp="2018-11-16 04:34:23 UTC" type="MESSAGE">
<messagebody>Created ACDL file for the composite FHGCanonical.</messagebody>
<attributes>
<targetserver name="QA"/>
<asset name="FHGCanonical" type="ispackage"/>
</attributes>
</message>
<message timeStamp="2018-11-16 04:34:23 UTC" type="MESSAGE">
<messagebody>Created binary file for the composite FHGCanonical.</messagebody>
<attributes>
<targetserver name="QA"/>
<asset name="FHGCanonical" type="ispackage"/>
</attributes>
</message>
<message timeStamp="2018-11-16 04:34:23 UTC" type="MESSAGE">
<messagebody>Asset FHGUtilities exists in the target Integration Server. Created checkpoint for the asset.</messagebody>
<attributes>
<targetserver name="QA"/>
<asset name="FHGUtilities" type="ispackage"/>
</attributes>
</message>
<message timeStamp="2018-11-16 04:34:23 UTC" type="MESSAGE">
<messagebody>Asset FHGUtilities.config.aclmap_pkg.cnf does not exist in the target Integration Server. Created checkpoint for the asset.</messagebody>
<attributes>
<targetserver name="QA"/>
<asset name="FHGUtilities.config.aclmap_pkg.cnf" type="isfile"/>
</attributes>
</message>
<message timeStamp="2018-11-16 04:34:23 UTC" type="MESSAGE">
<messagebody>Created ACDL file for the composite FHGUtilities.</messagebody>
<attributes>
<targetserver name="QA"/>
<asset name="FHGUtilities" type="ispackage"/>
</attributes>
</message>
<message timeStamp="2018-11-16 04:34:23 UTC" type="MESSAGE">
<messagebody>Created binary file for the composite FHGUtilities.</messagebody>
<attributes>
<targetserver name="QA"/>
<asset name="FHGUtilities" type="ispackage"/>
</attributes>
</message>
<message timeStamp="2018-11-16 04:34:23 UTC" type="MESSAGE">
<messagebody>Asset FHGProviderServices exists in the target Integration Server. Created checkpoint for the asset.</messagebody>
<attributes>
<targetserver name="QA"/>
<asset name="FHGProviderServices" type="ispackage"/>
</attributes>
</message>
<message timeStamp="2018-11-16 04:34:23 UTC" type="MESSAGE">
<messagebody>Asset FHGProviderServices.config.aclmap_pkg.cnf does not exist in the target Integration Server. Created checkpoint for the asset.</messagebody>
<attributes>
<targetserver name="QA"/>
<asset name="FHGProviderServices.config.aclmap_pkg.cnf" type="isfile"/>
</attributes>
</message>
<message timeStamp="2018-11-16 04:34:23 UTC" type="MESSAGE">
<messagebody>Created ACDL file for the composite FHGProviderServices.</messagebody>
<attributes>
<targetserver name="QA"/>
<asset name="FHGProviderServices" type="ispackage"/>
</attributes>
</message>
<message timeStamp="2018-11-16 04:34:23 UTC" type="MESSAGE">
<messagebody>Created binary file for the composite FHGProviderServices.</messagebody>
<attributes>
<targetserver name="QA"/>
<asset name="FHGProviderServices" type="ispackage"/>
</attributes>
</message>
<message timeStamp="2018-11-16 04:34:24 UTC" type="MESSAGE">
<messagebody>Asset Acl.DeployerAdmin exists in the target Integration Server. Created checkpoint for the asset.</messagebody>
<attributes>
<targetserver name="QA"/>
<asset name="Acl.DeployerAdmin" type="isacl"/>
</attributes>
</message>
<message timeStamp="2018-11-16 04:34:24 UTC" type="MESSAGE">
<messagebody>Asset Acl.ISConnect does not exist in the target Integration Server. Created checkpoint for the asset.</messagebody>
<attributes>
<targetserver name="QA"/>
<asset name="Acl.ISConnect" type="isacl"/>
</attributes>
</message>
<message timeStamp="2018-11-16 04:34:24 UTC" type="MESSAGE">
<messagebody>Asset Acl.Authenticate does not exist in the target Integration Server. Created checkpoint for the asset.</messagebody>
<attributes>
<targetserver name="QA"/>
<asset name="Acl.Authenticate" type="isacl"/>
</attributes>
</message>
<message timeStamp="2018-11-16 04:34:24 UTC" type="MESSAGE">
<messagebody>Asset Acl.MonitorAdministrators exists in the target Integration Server. Created checkpoint for the asset.</messagebody>
<attributes>
<targetserver name="QA"/>
<asset name="Acl.MonitorAdministrators" type="isacl"/>
</attributes>
</message>
<message timeStamp="2018-11-16 04:34:24 UTC" type="MESSAGE">
<messagebody>Asset Acl.MonitorUsers exists in the target Integration Server. Created checkpoint for the asset.</messagebody>
<attributes>
<targetserver name="QA"/>
<asset name="Acl.MonitorUsers" type="isacl"/>
</attributes>
</message>
<message timeStamp="2018-11-16 04:34:24 UTC" type="MESSAGE">
<messagebody>Asset URLAlias.utilities exists in the target Integration Server. Created checkpoint for the asset.</messagebody>
<attributes>
<targetserver name="QA"/>
<asset name="URLAlias.utilities" type="isurlalias"/>
</attributes>
</message>
<message timeStamp="2018-11-16 04:34:24 UTC" type="MESSAGE">
<messagebody>Asset GlobalVariable.test does not exist in the target Integration Server. Created checkpoint for the asset.</messagebody>
<attributes>
<targetserver name="QA"/>
<asset name="GlobalVariable.test" type="isglobalvariable"/>
</attributes>
</message>
<message timeStamp="2018-11-16 04:34:24 UTC" type="MESSAGE">
<messagebody>Asset GlobalVariable.v01.authenticateUser.url does not exist in the target Integration Server. Created checkpoint for the asset.</messagebody>
<attributes>
<targetserver name="QA"/>
<asset name="GlobalVariable.v01.authenticateUser.url" type="isglobalvariable"/>
</attributes>
</message>
<message timeStamp="2018-11-16 04:34:24 UTC" type="MESSAGE">
<messagebody>Asset GlobalVariable.v01.authenticateUser.timeout does not exist in the target Integration Server. Created checkpoint for the asset.</messagebody>
<attributes>
<targetserver name="QA"/>
<asset name="GlobalVariable.v01.authenticateUser.timeout" type="isglobalvariable"/>
</attributes>
</message>
<message timeStamp="2018-11-16 04:34:24 UTC" type="MESSAGE">
<messagebody>Asset GlobalVariable.v01.authenticate.service_id does not exist in the target Integration Server. Created checkpoint for the asset.</messagebody>
<attributes>
<targetserver name="QA"/>
<asset name="GlobalVariable.v01.authenticate.service_id" type="isglobalvariable"/>
</attributes>
</message>
<message timeStamp="2018-11-16 04:34:24 UTC" type="MESSAGE">
<messagebody>Asset GlobalVariable.v01.authenticate.logger does not exist in the target Integration Server. Created checkpoint for the asset.</messagebody>
<attributes>
<targetserver name="QA"/>
<asset name="GlobalVariable.v01.authenticate.logger" type="isglobalvariable"/>
</attributes>
</message>
<message timeStamp="2018-11-16 04:34:24 UTC" type="MESSAGE">
<messagebody>Asset GlobalVariable.v01.authenticate.success does not exist in the target Integration Server. Created checkpoint for the asset.</messagebody>
<attributes>
<targetserver name="QA"/>
<asset name="GlobalVariable.v01.authenticate.success" type="isglobalvariable"/>
</attributes>
</message>
<message timeStamp="2018-11-16 04:34:24 UTC" type="MESSAGE">
<messagebody>Asset GlobalVariable.v01.authenticate.successstatus does not exist in the target Integration Server. Created checkpoint for the asset.</messagebody>
<attributes>
<targetserver name="QA"/>
<asset name="GlobalVariable.v01.authenticate.successstatus" type="isglobalvariable"/>
</attributes>
</message>
<message timeStamp="2018-11-16 04:34:24 UTC" type="MESSAGE">
<messagebody>Asset GlobalVariable.v01.authenticate.failure does not exist in the target Integration Server. Created checkpoint for the asset.</messagebody>
<attributes>
<targetserver name="QA"/>
<asset name="GlobalVariable.v01.authenticate.failure" type="isglobalvariable"/>
</attributes>
</message>
<message timeStamp="2018-11-16 04:34:24 UTC" type="MESSAGE">
<messagebody>Asset GlobalVariable..authenticate.failurestatus does not exist in the target Integration Server. Created checkpoint for the asset.</messagebody>
<attributes>
<targetserver name="QA"/>
<asset name="GlobalVariable..authenticate.failurestatus" type="isglobalvariable"/>
</attributes>
</message>
<message timeStamp="2018-11-16 04:34:24 UTC" type="MESSAGE">
<messagebody>Asset GlobalVariable.v01.authenticate.invalidlogin.code does not exist in the target Integration Server. Created checkpoint for the asset.</messagebody>
<attributes>
<targetserver name="QA"/>
<asset name="GlobalVariable.v01.authenticate.invalidlogin.code" type="isglobalvariable"/>
</attributes>
</message>
<message timeStamp="2018-11-16 04:34:24 UTC" type="MESSAGE">
<messagebody>Asset GlobalVariable.v01.authenticate.invalidlogin.message does not exist in the target Integration Server. Created checkpoint for the asset.</messagebody>
<attributes>
<targetserver name="QA"/>
<asset name="GlobalVariable.v01.authenticate.invalidlogin.message" type="isglobalvariable"/>
</attributes>
</message>
<message timeStamp="2018-11-16 04:34:24 UTC" type="MESSAGE">
<messagebody>Asset GlobalVariable.v01.authenticate.internalerror.code does not exist in the target Integration Server. Created checkpoint for the asset.</messagebody>
<attributes>
<targetserver name="QA"/>
<asset name="GlobalVariable.v01.authenticate.internalerror.code" type="isglobalvariable"/>
</attributes>
</message>
<message timeStamp="2018-11-16 04:34:24 UTC" type="MESSAGE">
<messagebody>Asset GlobalVariable.v01.authenticate.dataissue.code does not exist in the target Integration Server. Created checkpoint for the asset.</messagebody>
<attributes>
<targetserver name="QA"/>
<asset name="GlobalVariable.v01.authenticate.dataissue.code" type="isglobalvariable"/>
</attributes>
</message>
<message timeStamp="2018-11-16 04:34:24 UTC" type="MESSAGE">
<messagebody>Asset GlobalVariable.v01.authenticate.dataissue.message does not exist in the target Integration Server. Created checkpoint for the asset.</messagebody>
<attributes>
<targetserver name="QA"/>
<asset name="GlobalVariable.v01.authenticate.dataissue.message" type="isglobalvariable"/>
</attributes>
</message>
<message timeStamp="2018-11-16 04:34:24 UTC" type="MESSAGE">
<messagebody>Asset GlobalVariable.v01.authenticate.failurestatus does not exist in the target Integration Server. Created checkpoint for the asset.</messagebody>
<attributes>
<targetserver name="QA"/>
<asset name="GlobalVariable.v01.authenticate.failurestatus" type="isglobalvariable"/>
</attributes>
</message>
<message timeStamp="2018-11-16 04:34:24 UTC" type="MESSAGE">
<messagebody>Created ACDL file for the composite isconfiguration.</messagebody>
<attributes>
<targetserver name="QA"/>
<asset name="isconfiguration" type="isconfiguration"/>
</attributes>
</message>
<message timeStamp="2018-11-16 04:34:24 UTC" type="MESSAGE">
<messagebody>Created binary file for the composite isconfiguration.</messagebody>
<attributes>
<targetserver name="QA"/>
<asset name="isconfiguration" type="isconfiguration"/>
</attributes>
</message>
<message timeStamp="2018-11-16 04:34:24 UTC" type="MESSAGE">
<messagebody>Persisted assets for checkpoint ID 676f996f-4c4b-4871-9f4c-c04072727dd8.</messagebody>
<attributes>
<targetserver name="QA"/>
<asset name="" type=""/>
</attributes>
</message>
<message timeStamp="2018-11-16 04:34:24 UTC" type="SUCCESS">
<messagebody>Successfully created checkpoint for the checkpoint ID 676f996f-4c4b-4871-9f4c-c04072727dd8.</messagebody>
<attributes>
<targetserver name="QA"/>
<asset name="" type=""/>
</attributes>
</message>
</messages>
<endTime>2018-11-16 04:34:24 UTC</endTime>
</Report>
