<?xml version="1.0" encoding="UTF-8"?><?xml-stylesheet type="text/xsl" href="repository-deploySimulateRollback.xsl"?><Report projectType="Repository" status="0" type="Deploy">
<depCandidate>myDeployment</depCandidate>
<depMapName>myDeploymentMap</depMapName>
<projectDescription/>
<startTime>2018-11-15 16:30:59 UTC</startTime>
<projectName>Authenticate-10.1.38</projectName>
<user>Administrator</user>
<messages>
<message timeStamp="2018-11-15 16:30:59 UTC" type="MESSAGE">
<messagebody>[DEP.0005.1168] Deleted previously delivered artifacts successfully for IS.</messagebody>
<attributes>
<targetserver name="QA"/>
</attributes>
</message>
<message timeStamp="2018-11-15 16:31:00 UTC" type="MESSAGE">
<messagebody>[DEP.0005.1164] Artifacts delivered successfully to IS.</messagebody>
<attributes>
<targetserver name="QA"/>
</attributes>
</message>
<message timeStamp="2018-11-15 16:31:05 UTC" type="SUCCESS">
<messagebody>WxLog package installed and activated. The original package has been moved to package recovery area. Package has been moved to archive area as WxLog.zip_20181115163105.</messagebody>
<attributes>
<targetserver name="QA"/>
<asset name="WxLog" type="ispackage"/>
</attributes>
</message>
<message timeStamp="2018-11-15 16:31:06 UTC" type="SUCCESS">
<messagebody>WxMWS package installed and activated. The original package has been moved to package recovery area. Package has been moved to archive area as WxMWS.zip_20181115163106.</messagebody>
<attributes>
<targetserver name="QA"/>
<asset name="WxMWS" type="ispackage"/>
</attributes>
</message>
<message timeStamp="2018-11-15 16:31:10 UTC" type="SUCCESS">
<messagebody>FHGCommonServices package installed and activated. The original package has been moved to package recovery area. Package has been moved to archive area as FHGCommonServices.zip_20181115163110.</messagebody>
<attributes>
<targetserver name="QA"/>
<asset name="FHGCommonServices" type="ispackage"/>
</attributes>
</message>
<message timeStamp="2018-11-15 16:31:17 UTC" type="SUCCESS">
<messagebody>FHGUtilities package installed and activated. The original package has been moved to package recovery area. Package has been moved to archive area as FHGUtilities.zip_20181115163117.</messagebody>
<attributes>
<targetserver name="QA"/>
<asset name="FHGUtilities" type="ispackage"/>
</attributes>
</message>
<message timeStamp="2018-11-15 16:31:17 UTC" type="SUCCESS">
<messagebody>FHGCanonical package installed and activated. The original package has been moved to package recovery area. Package has been moved to archive area as FHGCanonical.zip_20181115163117.</messagebody>
<attributes>
<targetserver name="QA"/>
<asset name="FHGCanonical" type="ispackage"/>
</attributes>
</message>
<message timeStamp="2018-11-15 16:31:17 UTC" type="SUCCESS">
<messagebody>FHGProviderServices package installed and activated. The original package has been moved to package recovery area. Package has been moved to archive area as FHGProviderServices.zip_20181115163117.</messagebody>
<attributes>
<targetserver name="QA"/>
<asset name="FHGProviderServices" type="ispackage"/>
</attributes>
</message>
</messages>
<endTime>2018-11-15 16:31:17 UTC</endTime>
</Report>
