<?xml version="1.0" encoding="UTF-8"?><?xml-stylesheet type="text/xsl" href="repository-deploySimulateRollback.xsl"?><Report projectType="Repository" status="0" type="Deploy">
<depCandidate>myDeployment</depCandidate>
<depMapName>myDeploymentMap</depMapName>
<projectDescription/>
<startTime>2018-11-16 04:34:24 UTC</startTime>
<projectName>Authenticate-10.1.40</projectName>
<user>Administrator</user>
<messages>
<message timeStamp="2018-11-16 04:34:24 UTC" type="MESSAGE">
<messagebody>[DEP.0005.1168] Deleted previously delivered artifacts successfully for IS.</messagebody>
<attributes>
<targetserver name="QA"/>
</attributes>
</message>
<message timeStamp="2018-11-16 04:34:25 UTC" type="MESSAGE">
<messagebody>[DEP.0005.1164] Artifacts delivered successfully to IS.</messagebody>
<attributes>
<targetserver name="QA"/>
</attributes>
</message>
<message timeStamp="2018-11-16 04:34:31 UTC" type="SUCCESS">
<messagebody>WxLog package installed and activated. The original package has been moved to package recovery area. Package has been moved to archive area as WxLog.zip_20181116043431.</messagebody>
<attributes>
<targetserver name="QA"/>
<asset name="WxLog" type="ispackage"/>
</attributes>
</message>
<message timeStamp="2018-11-16 04:34:31 UTC" type="SUCCESS">
<messagebody>WxMWS package installed and activated. The original package has been moved to package recovery area. Package has been moved to archive area as WxMWS.zip_20181116043431.</messagebody>
<attributes>
<targetserver name="QA"/>
<asset name="WxMWS" type="ispackage"/>
</attributes>
</message>
<message timeStamp="2018-11-16 04:34:35 UTC" type="SUCCESS">
<messagebody>FHGCommonServices package installed and activated. The original package has been moved to package recovery area. Package has been moved to archive area as FHGCommonServices.zip_20181116043435.</messagebody>
<attributes>
<targetserver name="QA"/>
<asset name="FHGCommonServices" type="ispackage"/>
</attributes>
</message>
<message timeStamp="2018-11-16 04:34:35 UTC" type="SUCCESS">
<messagebody>FHGCanonical package installed and activated. The original package has been moved to package recovery area. Package has been moved to archive area as FHGCanonical.zip_20181116043435.</messagebody>
<attributes>
<targetserver name="QA"/>
<asset name="FHGCanonical" type="ispackage"/>
</attributes>
</message>
<message timeStamp="2018-11-16 04:34:39 UTC" type="SUCCESS">
<messagebody>FHGUtilities package installed and activated. The original package has been moved to package recovery area. Package has been moved to archive area as FHGUtilities.zip_20181116043439.</messagebody>
<attributes>
<targetserver name="QA"/>
<asset name="FHGUtilities" type="ispackage"/>
</attributes>
</message>
<message timeStamp="2018-11-16 04:34:39 UTC" type="SUCCESS">
<messagebody>FHGProviderServices package installed and activated. The original package has been moved to package recovery area. Package has been moved to archive area as FHGProviderServices.zip_20181116043439.</messagebody>
<attributes>
<targetserver name="QA"/>
<asset name="FHGProviderServices" type="ispackage"/>
</attributes>
</message>
<message timeStamp="2018-11-16 04:34:39 UTC" type="SUCCESS">
<messagebody>Successfully deployed 5 isacl.</messagebody>
<attributes>
<targetserver name="QA"/>
<asset name="isacl" type="isacl"/>
</attributes>
</message>
<message timeStamp="2018-11-16 04:34:39 UTC" type="SUCCESS">
<messagebody>Successfully deployed 1 isurlalias.</messagebody>
<attributes>
<targetserver name="QA"/>
<asset name="isurlalias" type="isurlalias"/>
</attributes>
</message>
<message timeStamp="2018-11-16 04:34:40 UTC" type="SUCCESS">
<messagebody>Successfully deployed 15 isglobalvariable.</messagebody>
<attributes>
<targetserver name="QA"/>
<asset name="isglobalvariable" type="isglobalvariable"/>
</attributes>
</message>
</messages>
<endTime>2018-11-16 04:34:40 UTC</endTime>
</Report>
