<?xml version="1.0" encoding="UTF-8"?><?xml-stylesheet type="text/xsl" href="repository-deploySimulateRollback.xsl"?><Report projectType="Repository" status="0" type="Checkpoint">
<depCandidate>myDeployment</depCandidate>
<depMapName>myDeploymentMap</depMapName>
<projectDescription/>
<startTime>2019-01-02 05:14:37 UTC</startTime>
<projectName>VerifyMember-10.1.63</projectName>
<user>Administrator</user>
<messages>
<message timeStamp="2019-01-02 05:14:37 UTC" type="MESSAGE">
<messagebody>[DEP.0008.0021] Successfully deleted checkpoints for IS.</messagebody>
<attributes>
<targetserver name="QA"/>
</attributes>
</message>
<message timeStamp="2019-01-02 05:14:37 UTC" type="MESSAGE">
<messagebody>Asset FHGCommonServices exists in the target Integration Server. Created checkpoint for the asset.</messagebody>
<attributes>
<targetserver name="QA"/>
<asset name="FHGCommonServices" type="ispackage"/>
</attributes>
</message>
<message timeStamp="2019-01-02 05:14:37 UTC" type="MESSAGE">
<messagebody>Created ACDL file for the composite FHGCommonServices.</messagebody>
<attributes>
<targetserver name="QA"/>
<asset name="FHGCommonServices" type="ispackage"/>
</attributes>
</message>
<message timeStamp="2019-01-02 05:14:37 UTC" type="MESSAGE">
<messagebody>Created binary file for the composite FHGCommonServices.</messagebody>
<attributes>
<targetserver name="QA"/>
<asset name="FHGCommonServices" type="ispackage"/>
</attributes>
</message>
<message timeStamp="2019-01-02 05:14:37 UTC" type="MESSAGE">
<messagebody>Asset WxMWS exists in the target Integration Server. Created checkpoint for the asset.</messagebody>
<attributes>
<targetserver name="QA"/>
<asset name="WxMWS" type="ispackage"/>
</attributes>
</message>
<message timeStamp="2019-01-02 05:14:37 UTC" type="MESSAGE">
<messagebody>Created ACDL file for the composite WxMWS.</messagebody>
<attributes>
<targetserver name="QA"/>
<asset name="WxMWS" type="ispackage"/>
</attributes>
</message>
<message timeStamp="2019-01-02 05:14:37 UTC" type="MESSAGE">
<messagebody>Created binary file for the composite WxMWS.</messagebody>
<attributes>
<targetserver name="QA"/>
<asset name="WxMWS" type="ispackage"/>
</attributes>
</message>
<message timeStamp="2019-01-02 05:14:37 UTC" type="MESSAGE">
<messagebody>Asset FHGCanonical exists in the target Integration Server. Created checkpoint for the asset.</messagebody>
<attributes>
<targetserver name="QA"/>
<asset name="FHGCanonical" type="ispackage"/>
</attributes>
</message>
<message timeStamp="2019-01-02 05:14:37 UTC" type="MESSAGE">
<messagebody>Created ACDL file for the composite FHGCanonical.</messagebody>
<attributes>
<targetserver name="QA"/>
<asset name="FHGCanonical" type="ispackage"/>
</attributes>
</message>
<message timeStamp="2019-01-02 05:14:37 UTC" type="MESSAGE">
<messagebody>Created binary file for the composite FHGCanonical.</messagebody>
<attributes>
<targetserver name="QA"/>
<asset name="FHGCanonical" type="ispackage"/>
</attributes>
</message>
<message timeStamp="2019-01-02 05:14:37 UTC" type="MESSAGE">
<messagebody>Asset WxLog exists in the target Integration Server. Created checkpoint for the asset.</messagebody>
<attributes>
<targetserver name="QA"/>
<asset name="WxLog" type="ispackage"/>
</attributes>
</message>
<message timeStamp="2019-01-02 05:14:37 UTC" type="MESSAGE">
<messagebody>Created ACDL file for the composite WxLog.</messagebody>
<attributes>
<targetserver name="QA"/>
<asset name="WxLog" type="ispackage"/>
</attributes>
</message>
<message timeStamp="2019-01-02 05:14:37 UTC" type="MESSAGE">
<messagebody>Created binary file for the composite WxLog.</messagebody>
<attributes>
<targetserver name="QA"/>
<asset name="WxLog" type="ispackage"/>
</attributes>
</message>
<message timeStamp="2019-01-02 05:14:37 UTC" type="MESSAGE">
<messagebody>Asset FHGFHN3ID does not exist in the target Integration Server. Created checkpoint for the asset.</messagebody>
<attributes>
<targetserver name="QA"/>
<asset name="FHGFHN3ID" type="ispackage"/>
</attributes>
</message>
<message timeStamp="2019-01-02 05:14:38 UTC" type="MESSAGE">
<messagebody>Asset FHGFHN3SG exists in the target Integration Server. Created checkpoint for the asset.</messagebody>
<attributes>
<targetserver name="QA"/>
<asset name="FHGFHN3SG" type="ispackage"/>
</attributes>
</message>
<message timeStamp="2019-01-02 05:14:38 UTC" type="MESSAGE">
<messagebody>Created ACDL file for the composite FHGFHN3SG.</messagebody>
<attributes>
<targetserver name="QA"/>
<asset name="FHGFHN3SG" type="ispackage"/>
</attributes>
</message>
<message timeStamp="2019-01-02 05:14:38 UTC" type="MESSAGE">
<messagebody>Created binary file for the composite FHGFHN3SG.</messagebody>
<attributes>
<targetserver name="QA"/>
<asset name="FHGFHN3SG" type="ispackage"/>
</attributes>
</message>
<message timeStamp="2019-01-02 05:14:38 UTC" type="MESSAGE">
<messagebody>Asset FHGMemberServices exists in the target Integration Server. Created checkpoint for the asset.</messagebody>
<attributes>
<targetserver name="QA"/>
<asset name="FHGMemberServices" type="ispackage"/>
</attributes>
</message>
<message timeStamp="2019-01-02 05:14:38 UTC" type="MESSAGE">
<messagebody>Asset FHGMemberServices.services.membership.orchestrateVerifyMember does not exist in the target Integration Server. Created checkpoint for the asset.</messagebody>
<attributes>
<targetserver name="QA"/>
<asset name="FHGMemberServices.services.membership.orchestrateVerifyMember" type="isflowservice"/>
</attributes>
</message>
<message timeStamp="2019-01-02 05:14:38 UTC" type="MESSAGE">
<messagebody>Created ACDL file for the composite FHGMemberServices.</messagebody>
<attributes>
<targetserver name="QA"/>
<asset name="FHGMemberServices" type="ispackage"/>
</attributes>
</message>
<message timeStamp="2019-01-02 05:14:38 UTC" type="MESSAGE">
<messagebody>Created binary file for the composite FHGMemberServices.</messagebody>
<attributes>
<targetserver name="QA"/>
<asset name="FHGMemberServices" type="ispackage"/>
</attributes>
</message>
<message timeStamp="2019-01-02 05:14:38 UTC" type="MESSAGE">
<messagebody>Asset FHGUtilities exists in the target Integration Server. Created checkpoint for the asset.</messagebody>
<attributes>
<targetserver name="QA"/>
<asset name="FHGUtilities" type="ispackage"/>
</attributes>
</message>
<message timeStamp="2019-01-02 05:14:38 UTC" type="MESSAGE">
<messagebody>Created ACDL file for the composite FHGUtilities.</messagebody>
<attributes>
<targetserver name="QA"/>
<asset name="FHGUtilities" type="ispackage"/>
</attributes>
</message>
<message timeStamp="2019-01-02 05:14:38 UTC" type="MESSAGE">
<messagebody>Created binary file for the composite FHGUtilities.</messagebody>
<attributes>
<targetserver name="QA"/>
<asset name="FHGUtilities" type="ispackage"/>
</attributes>
</message>
<message timeStamp="2019-01-02 05:14:38 UTC" type="MESSAGE">
<messagebody>Asset FHGProviderServices exists in the target Integration Server. Created checkpoint for the asset.</messagebody>
<attributes>
<targetserver name="QA"/>
<asset name="FHGProviderServices" type="ispackage"/>
</attributes>
</message>
<message timeStamp="2019-01-02 05:14:38 UTC" type="MESSAGE">
<messagebody>Created ACDL file for the composite FHGProviderServices.</messagebody>
<attributes>
<targetserver name="QA"/>
<asset name="FHGProviderServices" type="ispackage"/>
</attributes>
</message>
<message timeStamp="2019-01-02 05:14:38 UTC" type="MESSAGE">
<messagebody>Created binary file for the composite FHGProviderServices.</messagebody>
<attributes>
<targetserver name="QA"/>
<asset name="FHGProviderServices" type="ispackage"/>
</attributes>
</message>
<message timeStamp="2019-01-02 05:14:39 UTC" type="MESSAGE">
<messagebody>Asset Acl.~VIEW~pq__WxMWSdevQA_93ad exists in the target Integration Server. Created checkpoint for the asset.</messagebody>
<attributes>
<targetserver name="QA"/>
<asset name="Acl.~VIEW~pq__WxMWSdevQA_93ad" type="isacl"/>
</attributes>
</message>
<message timeStamp="2019-01-02 05:14:39 UTC" type="MESSAGE">
<messagebody>Asset Acl.~VIEW~pq__newDevNewQA_06a exists in the target Integration Server. Created checkpoint for the asset.</messagebody>
<attributes>
<targetserver name="QA"/>
<asset name="Acl.~VIEW~pq__newDevNewQA_06a" type="isacl"/>
</attributes>
</message>
<message timeStamp="2019-01-02 05:14:39 UTC" type="MESSAGE">
<messagebody>Asset Acl.~EXTRACT~pq__olddevnewDev2packages_5ybg exists in the target Integration Server. Created checkpoint for the asset.</messagebody>
<attributes>
<targetserver name="QA"/>
<asset name="Acl.~EXTRACT~pq__olddevnewDev2packages_5ybg" type="isacl"/>
</attributes>
</message>
<message timeStamp="2019-01-02 05:14:39 UTC" type="MESSAGE">
<messagebody>Asset Acl.~VIEW~pq__oldDevnewDev_q9a exists in the target Integration Server. Created checkpoint for the asset.</messagebody>
<attributes>
<targetserver name="QA"/>
<asset name="Acl.~VIEW~pq__oldDevnewDev_q9a" type="isacl"/>
</attributes>
</message>
<message timeStamp="2019-01-02 05:14:39 UTC" type="MESSAGE">
<messagebody>Asset Acl.~DEPLOY~pq__oldQAMWSNewQAMWS_nlb exists in the target Integration Server. Created checkpoint for the asset.</messagebody>
<attributes>
<targetserver name="QA"/>
<asset name="Acl.~DEPLOY~pq__oldQAMWSNewQAMWS_nlb" type="isacl"/>
</attributes>
</message>
<message timeStamp="2019-01-02 05:14:39 UTC" type="MESSAGE">
<messagebody>Asset Acl.~DEFINE~pq__oldQAMWSNewQAMWS_nlb exists in the target Integration Server. Created checkpoint for the asset.</messagebody>
<attributes>
<targetserver name="QA"/>
<asset name="Acl.~DEFINE~pq__oldQAMWSNewQAMWS_nlb" type="isacl"/>
</attributes>
</message>
<message timeStamp="2019-01-02 05:14:39 UTC" type="MESSAGE">
<messagebody>Asset Acl.DeployerAdmin exists in the target Integration Server. Created checkpoint for the asset.</messagebody>
<attributes>
<targetserver name="QA"/>
<asset name="Acl.DeployerAdmin" type="isacl"/>
</attributes>
</message>
<message timeStamp="2019-01-02 05:14:39 UTC" type="MESSAGE">
<messagebody>Asset Acl.ISConnect exists in the target Integration Server. Created checkpoint for the asset.</messagebody>
<attributes>
<targetserver name="QA"/>
<asset name="Acl.ISConnect" type="isacl"/>
</attributes>
</message>
<message timeStamp="2019-01-02 05:14:39 UTC" type="MESSAGE">
<messagebody>Asset Acl.~DEFINE~pq__olddevnewDev2packages_5ybg exists in the target Integration Server. Created checkpoint for the asset.</messagebody>
<attributes>
<targetserver name="QA"/>
<asset name="Acl.~DEFINE~pq__olddevnewDev2packages_5ybg" type="isacl"/>
</attributes>
</message>
<message timeStamp="2019-01-02 05:14:39 UTC" type="MESSAGE">
<messagebody>Asset Acl.~DEPLOY~pq__olddevnewDev2packages_5ybg exists in the target Integration Server. Created checkpoint for the asset.</messagebody>
<attributes>
<targetserver name="QA"/>
<asset name="Acl.~DEPLOY~pq__olddevnewDev2packages_5ybg" type="isacl"/>
</attributes>
</message>
<message timeStamp="2019-01-02 05:14:39 UTC" type="MESSAGE">
<messagebody>Asset Acl.Authenticate exists in the target Integration Server. Created checkpoint for the asset.</messagebody>
<attributes>
<targetserver name="QA"/>
<asset name="Acl.Authenticate" type="isacl"/>
</attributes>
</message>
<message timeStamp="2019-01-02 05:14:39 UTC" type="MESSAGE">
<messagebody>Asset Acl.~EXTRACT~pq__oldMWSnewMWS_q9a exists in the target Integration Server. Created checkpoint for the asset.</messagebody>
<attributes>
<targetserver name="QA"/>
<asset name="Acl.~EXTRACT~pq__oldMWSnewMWS_q9a" type="isacl"/>
</attributes>
</message>
<message timeStamp="2019-01-02 05:14:39 UTC" type="MESSAGE">
<messagebody>Asset Acl.~EXTRACT~pq__oldQAMWSNewQAMWS_nlb exists in the target Integration Server. Created checkpoint for the asset.</messagebody>
<attributes>
<targetserver name="QA"/>
<asset name="Acl.~EXTRACT~pq__oldQAMWSNewQAMWS_nlb" type="isacl"/>
</attributes>
</message>
<message timeStamp="2019-01-02 05:14:39 UTC" type="MESSAGE">
<messagebody>Asset Acl.~VIEW~pq__olddevnewDev2packages_5ybg exists in the target Integration Server. Created checkpoint for the asset.</messagebody>
<attributes>
<targetserver name="QA"/>
<asset name="Acl.~VIEW~pq__olddevnewDev2packages_5ybg" type="isacl"/>
</attributes>
</message>
<message timeStamp="2019-01-02 05:14:39 UTC" type="MESSAGE">
<messagebody>Asset Acl.~DEPLOY~pq__WxMWSdevQA_93ad exists in the target Integration Server. Created checkpoint for the asset.</messagebody>
<attributes>
<targetserver name="QA"/>
<asset name="Acl.~DEPLOY~pq__WxMWSdevQA_93ad" type="isacl"/>
</attributes>
</message>
<message timeStamp="2019-01-02 05:14:39 UTC" type="MESSAGE">
<messagebody>Asset Acl.~MAP~pq__oldDevnewDev_q9a exists in the target Integration Server. Created checkpoint for the asset.</messagebody>
<attributes>
<targetserver name="QA"/>
<asset name="Acl.~MAP~pq__oldDevnewDev_q9a" type="isacl"/>
</attributes>
</message>
<message timeStamp="2019-01-02 05:14:39 UTC" type="MESSAGE">
<messagebody>Asset Acl.~EXTRACT~pq__WxMWSdevQA_93ad exists in the target Integration Server. Created checkpoint for the asset.</messagebody>
<attributes>
<targetserver name="QA"/>
<asset name="Acl.~EXTRACT~pq__WxMWSdevQA_93ad" type="isacl"/>
</attributes>
</message>
<message timeStamp="2019-01-02 05:14:39 UTC" type="MESSAGE">
<messagebody>Asset Acl.~DEPLOY~pq__oldMWSnewMWS_q9a exists in the target Integration Server. Created checkpoint for the asset.</messagebody>
<attributes>
<targetserver name="QA"/>
<asset name="Acl.~DEPLOY~pq__oldMWSnewMWS_q9a" type="isacl"/>
</attributes>
</message>
<message timeStamp="2019-01-02 05:14:39 UTC" type="MESSAGE">
<messagebody>Asset Acl.~MAP~pq__oldMWSnewMWS_q9a exists in the target Integration Server. Created checkpoint for the asset.</messagebody>
<attributes>
<targetserver name="QA"/>
<asset name="Acl.~MAP~pq__oldMWSnewMWS_q9a" type="isacl"/>
</attributes>
</message>
<message timeStamp="2019-01-02 05:14:39 UTC" type="MESSAGE">
<messagebody>Asset Acl.~DEFINE~pq__WxMWSdevQA_93ad exists in the target Integration Server. Created checkpoint for the asset.</messagebody>
<attributes>
<targetserver name="QA"/>
<asset name="Acl.~DEFINE~pq__WxMWSdevQA_93ad" type="isacl"/>
</attributes>
</message>
<message timeStamp="2019-01-02 05:14:39 UTC" type="MESSAGE">
<messagebody>Asset Acl.~MAP~pq__newDevNewQA_06a exists in the target Integration Server. Created checkpoint for the asset.</messagebody>
<attributes>
<targetserver name="QA"/>
<asset name="Acl.~MAP~pq__newDevNewQA_06a" type="isacl"/>
</attributes>
</message>
<message timeStamp="2019-01-02 05:14:39 UTC" type="MESSAGE">
<messagebody>Asset Acl.~DEFINE~pq__newDevNewQA_06a exists in the target Integration Server. Created checkpoint for the asset.</messagebody>
<attributes>
<targetserver name="QA"/>
<asset name="Acl.~DEFINE~pq__newDevNewQA_06a" type="isacl"/>
</attributes>
</message>
<message timeStamp="2019-01-02 05:14:39 UTC" type="MESSAGE">
<messagebody>Asset Acl.~MAP~pq__WxMWSdevQA_93ad exists in the target Integration Server. Created checkpoint for the asset.</messagebody>
<attributes>
<targetserver name="QA"/>
<asset name="Acl.~MAP~pq__WxMWSdevQA_93ad" type="isacl"/>
</attributes>
</message>
<message timeStamp="2019-01-02 05:14:39 UTC" type="MESSAGE">
<messagebody>Asset Acl.MonitorAdministrators exists in the target Integration Server. Created checkpoint for the asset.</messagebody>
<attributes>
<targetserver name="QA"/>
<asset name="Acl.MonitorAdministrators" type="isacl"/>
</attributes>
</message>
<message timeStamp="2019-01-02 05:14:39 UTC" type="MESSAGE">
<messagebody>Asset Acl.~EXTRACT~pq__oldDevnewDev_q9a exists in the target Integration Server. Created checkpoint for the asset.</messagebody>
<attributes>
<targetserver name="QA"/>
<asset name="Acl.~EXTRACT~pq__oldDevnewDev_q9a" type="isacl"/>
</attributes>
</message>
<message timeStamp="2019-01-02 05:14:39 UTC" type="MESSAGE">
<messagebody>Asset Acl.~MAP~pq__olddevnewDev2packages_5ybg exists in the target Integration Server. Created checkpoint for the asset.</messagebody>
<attributes>
<targetserver name="QA"/>
<asset name="Acl.~MAP~pq__olddevnewDev2packages_5ybg" type="isacl"/>
</attributes>
</message>
<message timeStamp="2019-01-02 05:14:39 UTC" type="MESSAGE">
<messagebody>Asset Acl.~EXTRACT~pq__newDevNewQA_06a exists in the target Integration Server. Created checkpoint for the asset.</messagebody>
<attributes>
<targetserver name="QA"/>
<asset name="Acl.~EXTRACT~pq__newDevNewQA_06a" type="isacl"/>
</attributes>
</message>
<message timeStamp="2019-01-02 05:14:39 UTC" type="MESSAGE">
<messagebody>Asset Acl.MonitorUsers exists in the target Integration Server. Created checkpoint for the asset.</messagebody>
<attributes>
<targetserver name="QA"/>
<asset name="Acl.MonitorUsers" type="isacl"/>
</attributes>
</message>
<message timeStamp="2019-01-02 05:14:39 UTC" type="MESSAGE">
<messagebody>Asset Acl.~DEFINE~pq__oldDevnewDev_q9a exists in the target Integration Server. Created checkpoint for the asset.</messagebody>
<attributes>
<targetserver name="QA"/>
<asset name="Acl.~DEFINE~pq__oldDevnewDev_q9a" type="isacl"/>
</attributes>
</message>
<message timeStamp="2019-01-02 05:14:39 UTC" type="MESSAGE">
<messagebody>Asset Acl.~DEPLOY~pq__oldDevnewDev_q9a exists in the target Integration Server. Created checkpoint for the asset.</messagebody>
<attributes>
<targetserver name="QA"/>
<asset name="Acl.~DEPLOY~pq__oldDevnewDev_q9a" type="isacl"/>
</attributes>
</message>
<message timeStamp="2019-01-02 05:14:39 UTC" type="MESSAGE">
<messagebody>Asset Acl.~DEPLOY~pq__newDevNewQA_06a exists in the target Integration Server. Created checkpoint for the asset.</messagebody>
<attributes>
<targetserver name="QA"/>
<asset name="Acl.~DEPLOY~pq__newDevNewQA_06a" type="isacl"/>
</attributes>
</message>
<message timeStamp="2019-01-02 05:14:39 UTC" type="MESSAGE">
<messagebody>Asset Acl.~MAP~pq__oldQAMWSNewQAMWS_nlb exists in the target Integration Server. Created checkpoint for the asset.</messagebody>
<attributes>
<targetserver name="QA"/>
<asset name="Acl.~MAP~pq__oldQAMWSNewQAMWS_nlb" type="isacl"/>
</attributes>
</message>
<message timeStamp="2019-01-02 05:14:39 UTC" type="MESSAGE">
<messagebody>Asset Acl.~DEFINE~pq__oldMWSnewMWS_q9a exists in the target Integration Server. Created checkpoint for the asset.</messagebody>
<attributes>
<targetserver name="QA"/>
<asset name="Acl.~DEFINE~pq__oldMWSnewMWS_q9a" type="isacl"/>
</attributes>
</message>
<message timeStamp="2019-01-02 05:14:39 UTC" type="MESSAGE">
<messagebody>Asset Acl.~VIEW~pq__oldMWSnewMWS_q9a exists in the target Integration Server. Created checkpoint for the asset.</messagebody>
<attributes>
<targetserver name="QA"/>
<asset name="Acl.~VIEW~pq__oldMWSnewMWS_q9a" type="isacl"/>
</attributes>
</message>
<message timeStamp="2019-01-02 05:14:39 UTC" type="MESSAGE">
<messagebody>Asset Acl.~VIEW~pq__oldQAMWSNewQAMWS_nlb exists in the target Integration Server. Created checkpoint for the asset.</messagebody>
<attributes>
<targetserver name="QA"/>
<asset name="Acl.~VIEW~pq__oldQAMWSNewQAMWS_nlb" type="isacl"/>
</attributes>
</message>
<message timeStamp="2019-01-02 05:14:39 UTC" type="MESSAGE">
<messagebody>Asset URLAlias.member exists in the target Integration Server. Created checkpoint for the asset.</messagebody>
<attributes>
<targetserver name="QA"/>
<asset name="URLAlias.member" type="isurlalias"/>
</attributes>
</message>
<message timeStamp="2019-01-02 05:14:39 UTC" type="MESSAGE">
<messagebody>Asset URLAlias.provider exists in the target Integration Server. Created checkpoint for the asset.</messagebody>
<attributes>
<targetserver name="QA"/>
<asset name="URLAlias.provider" type="isurlalias"/>
</attributes>
</message>
<message timeStamp="2019-01-02 05:14:39 UTC" type="MESSAGE">
<messagebody>Asset URLAlias.utilities exists in the target Integration Server. Created checkpoint for the asset.</messagebody>
<attributes>
<targetserver name="QA"/>
<asset name="URLAlias.utilities" type="isurlalias"/>
</attributes>
</message>
<message timeStamp="2019-01-02 05:14:39 UTC" type="MESSAGE">
<messagebody>Asset GlobalVariable.v01.verifyMember.IDFHN3.tokenCacheName does not exist in the target Integration Server. Created checkpoint for the asset.</messagebody>
<attributes>
<targetserver name="QA"/>
<asset name="GlobalVariable.v01.verifyMember.IDFHN3.tokenCacheName" type="isglobalvariable"/>
</attributes>
</message>
<message timeStamp="2019-01-02 05:14:39 UTC" type="MESSAGE">
<messagebody>Asset GlobalVariable.v01.verifyMember.IDFHN3.tokenCacheManager does not exist in the target Integration Server. Created checkpoint for the asset.</messagebody>
<attributes>
<targetserver name="QA"/>
<asset name="GlobalVariable.v01.verifyMember.IDFHN3.tokenCacheManager" type="isglobalvariable"/>
</attributes>
</message>
<message timeStamp="2019-01-02 05:14:39 UTC" type="MESSAGE">
<messagebody>Asset GlobalVariable.v01.verifyMember.IDFHN3.tokenURL does not exist in the target Integration Server. Created checkpoint for the asset.</messagebody>
<attributes>
<targetserver name="QA"/>
<asset name="GlobalVariable.v01.verifyMember.IDFHN3.tokenURL" type="isglobalvariable"/>
</attributes>
</message>
<message timeStamp="2019-01-02 05:14:39 UTC" type="MESSAGE">
<messagebody>Asset GlobalVariable.v01.verifyMember.IDFHN3.tokenUserName does not exist in the target Integration Server. Created checkpoint for the asset.</messagebody>
<attributes>
<targetserver name="QA"/>
<asset name="GlobalVariable.v01.verifyMember.IDFHN3.tokenUserName" type="isglobalvariable"/>
</attributes>
</message>
<message timeStamp="2019-01-02 05:14:39 UTC" type="MESSAGE">
<messagebody>Asset GlobalVariable.v01.verifyMember.IDFHN3.tokenPassword does not exist in the target Integration Server. Created checkpoint for the asset.</messagebody>
<attributes>
<targetserver name="QA"/>
<asset name="GlobalVariable.v01.verifyMember.IDFHN3.tokenPassword" type="isglobalvariable"/>
</attributes>
</message>
<message timeStamp="2019-01-02 05:14:39 UTC" type="MESSAGE">
<messagebody>Asset GlobalVariable.v01.verifyMember.IDFHN3.tokenBufferMins does not exist in the target Integration Server. Created checkpoint for the asset.</messagebody>
<attributes>
<targetserver name="QA"/>
<asset name="GlobalVariable.v01.verifyMember.IDFHN3.tokenBufferMins" type="isglobalvariable"/>
</attributes>
</message>
<message timeStamp="2019-01-02 05:14:39 UTC" type="MESSAGE">
<messagebody>Asset GlobalVariable.v01.verifyMember.IDFHN3.fhn3URL does not exist in the target Integration Server. Created checkpoint for the asset.</messagebody>
<attributes>
<targetserver name="QA"/>
<asset name="GlobalVariable.v01.verifyMember.IDFHN3.fhn3URL" type="isglobalvariable"/>
</attributes>
</message>
<message timeStamp="2019-01-02 05:14:39 UTC" type="MESSAGE">
<messagebody>Asset GlobalVariable.v01.verifyMember.dataissue.invalidCountry does not exist in the target Integration Server. Created checkpoint for the asset.</messagebody>
<attributes>
<targetserver name="QA"/>
<asset name="GlobalVariable.v01.verifyMember.dataissue.invalidCountry" type="isglobalvariable"/>
</attributes>
</message>
<message timeStamp="2019-01-02 05:14:39 UTC" type="MESSAGE">
<messagebody>Created ACDL file for the composite isconfiguration.</messagebody>
<attributes>
<targetserver name="QA"/>
<asset name="isconfiguration" type="isconfiguration"/>
</attributes>
</message>
<message timeStamp="2019-01-02 05:14:39 UTC" type="MESSAGE">
<messagebody>Created binary file for the composite isconfiguration.</messagebody>
<attributes>
<targetserver name="QA"/>
<asset name="isconfiguration" type="isconfiguration"/>
</attributes>
</message>
<message timeStamp="2019-01-02 05:14:39 UTC" type="MESSAGE">
<messagebody>Persisted assets for checkpoint ID ca9a15fd-a639-4d15-a8ed-03e878fce44f.</messagebody>
<attributes>
<targetserver name="QA"/>
<asset name="" type=""/>
</attributes>
</message>
<message timeStamp="2019-01-02 05:14:39 UTC" type="SUCCESS">
<messagebody>Successfully created checkpoint for the checkpoint ID ca9a15fd-a639-4d15-a8ed-03e878fce44f.</messagebody>
<attributes>
<targetserver name="QA"/>
<asset name="" type=""/>
</attributes>
</message>
</messages>
<endTime>2019-01-02 05:14:39 UTC</endTime>
</Report>
