<?xml version="1.0" encoding="UTF-8"?><?xml-stylesheet type="text/xsl" href="repository-deploySimulateRollback.xsl"?><Report projectType="Repository" status="1" type="Deploy">
<depCandidate>myDeployment</depCandidate>
<depMapName>myDeploymentMap</depMapName>
<projectDescription/>
<startTime>2019-01-02 05:14:39 UTC</startTime>
<projectName>VerifyMember-10.1.63</projectName>
<user>Administrator</user>
<messages>
<message timeStamp="2019-01-02 05:14:39 UTC" type="MESSAGE">
<messagebody>[DEP.0005.1168] Deleted previously delivered artifacts successfully for IS.</messagebody>
<attributes>
<targetserver name="QA"/>
</attributes>
</message>
<message timeStamp="2019-01-02 05:14:39 UTC" type="MESSAGE">
<messagebody>[DEP.0005.1164] Artifacts delivered successfully to IS.</messagebody>
<attributes>
<targetserver name="QA"/>
</attributes>
</message>
<message timeStamp="2019-01-02 05:14:39 UTC" type="WARNING">
<messagebody>The target Integration Server version "10.3.0.0" and the Integration Server version "10.1.0.0" recommended by source package "FHGCommonServices" are incompatible.</messagebody>
<attributes>
<targetserver name="QA"/>
<asset name="FHGCommonServices" type="ispackage"/>
</attributes>
</message>
<message timeStamp="2019-01-02 05:14:46 UTC" type="SUCCESS">
<messagebody>FHGCommonServices package installed and activated. The original package has been moved to package recovery area. Package has been moved to archive area as FHGCommonServices.zip_20190102051446.</messagebody>
<attributes>
<targetserver name="QA"/>
<asset name="FHGCommonServices" type="ispackage"/>
</attributes>
</message>
<message timeStamp="2019-01-02 05:14:46 UTC" type="WARNING">
<messagebody>The target Integration Server version "10.3.0.0" and the Integration Server version "10.1.0.0" recommended by source package "WxMWS" are incompatible.</messagebody>
<attributes>
<targetserver name="QA"/>
<asset name="WxMWS" type="ispackage"/>
</attributes>
</message>
<message timeStamp="2019-01-02 05:14:47 UTC" type="SUCCESS">
<messagebody>WxMWS package installed and activated. The original package has been moved to package recovery area. Package has been moved to archive area as WxMWS.zip_20190102051447.</messagebody>
<attributes>
<targetserver name="QA"/>
<asset name="WxMWS" type="ispackage"/>
</attributes>
</message>
<message timeStamp="2019-01-02 05:14:47 UTC" type="WARNING">
<messagebody>The target Integration Server version "10.3.0.0" and the Integration Server version "10.1.0.0" recommended by source package "FHGCanonical" are incompatible.</messagebody>
<attributes>
<targetserver name="QA"/>
<asset name="FHGCanonical" type="ispackage"/>
</attributes>
</message>
<message timeStamp="2019-01-02 05:14:47 UTC" type="SUCCESS">
<messagebody>FHGCanonical package installed and activated. The original package has been moved to package recovery area. Package has been moved to archive area as FHGCanonical.zip_20190102051447.</messagebody>
<attributes>
<targetserver name="QA"/>
<asset name="FHGCanonical" type="ispackage"/>
</attributes>
</message>
<message timeStamp="2019-01-02 05:14:47 UTC" type="WARNING">
<messagebody>The target Integration Server version "10.3.0.0" and the Integration Server version "10.1.0.0" recommended by source package "WxLog" are incompatible.</messagebody>
<attributes>
<targetserver name="QA"/>
<asset name="WxLog" type="ispackage"/>
</attributes>
</message>
<message timeStamp="2019-01-02 05:14:56 UTC" type="SUCCESS">
<messagebody>WxLog package installed and activated. The original package has been moved to package recovery area. Package has been moved to archive area as WxLog.zip_20190102051456.</messagebody>
<attributes>
<targetserver name="QA"/>
<asset name="WxLog" type="ispackage"/>
</attributes>
</message>
<message timeStamp="2019-01-02 05:14:56 UTC" type="WARNING">
<messagebody>The target Integration Server version "10.3.0.0" and the Integration Server version "10.1.0.0" recommended by source package "FHGFHN3ID" are incompatible.</messagebody>
<attributes>
<targetserver name="QA"/>
<asset name="FHGFHN3ID" type="ispackage"/>
</attributes>
</message>
<message timeStamp="2019-01-02 05:14:57 UTC" type="SUCCESS">
<messagebody>FHGFHN3ID package installed and activated. Package has been moved to archive area as FHGFHN3ID.zip_20190102051457.</messagebody>
<attributes>
<targetserver name="QA"/>
<asset name="FHGFHN3ID" type="ispackage"/>
</attributes>
</message>
<message timeStamp="2019-01-02 05:14:57 UTC" type="WARNING">
<messagebody>The target Integration Server version "10.3.0.0" and the Integration Server version "10.1.0.0" recommended by source package "FHGFHN3SG" are incompatible.</messagebody>
<attributes>
<targetserver name="QA"/>
<asset name="FHGFHN3SG" type="ispackage"/>
</attributes>
</message>
<message timeStamp="2019-01-02 05:14:57 UTC" type="SUCCESS">
<messagebody>FHGFHN3SG package installed and activated. The original package has been moved to package recovery area. Package has been moved to archive area as FHGFHN3SG.zip_20190102051457.</messagebody>
<attributes>
<targetserver name="QA"/>
<asset name="FHGFHN3SG" type="ispackage"/>
</attributes>
</message>
<message timeStamp="2019-01-02 05:14:57 UTC" type="WARNING">
<messagebody>The target Integration Server version "10.3.0.0" and the Integration Server version "10.1.0.0" recommended by source package "FHGMemberServices" are incompatible.</messagebody>
<attributes>
<targetserver name="QA"/>
<asset name="FHGMemberServices" type="ispackage"/>
</attributes>
</message>
<message timeStamp="2019-01-02 05:14:58 UTC" type="SUCCESS">
<messagebody>FHGMemberServices package installed and activated. The original package has been moved to package recovery area. Package has been moved to archive area as FHGMemberServices.zip_20190102051458.</messagebody>
<attributes>
<targetserver name="QA"/>
<asset name="FHGMemberServices" type="ispackage"/>
</attributes>
</message>
<message timeStamp="2019-01-02 05:14:58 UTC" type="WARNING">
<messagebody>The target Integration Server version "10.3.0.0" and the Integration Server version "10.1.0.0" recommended by source package "FHGUtilities" are incompatible.</messagebody>
<attributes>
<targetserver name="QA"/>
<asset name="FHGUtilities" type="ispackage"/>
</attributes>
</message>
<message timeStamp="2019-01-02 05:15:05 UTC" type="SUCCESS">
<messagebody>FHGUtilities package installed and activated. The original package has been moved to package recovery area. Package has been moved to archive area as FHGUtilities.zip_20190102051505.</messagebody>
<attributes>
<targetserver name="QA"/>
<asset name="FHGUtilities" type="ispackage"/>
</attributes>
</message>
<message timeStamp="2019-01-02 05:15:05 UTC" type="WARNING">
<messagebody>The target Integration Server version "10.3.0.0" and the Integration Server version "10.1.0.0" recommended by source package "FHGProviderServices" are incompatible.</messagebody>
<attributes>
<targetserver name="QA"/>
<asset name="FHGProviderServices" type="ispackage"/>
</attributes>
</message>
<message timeStamp="2019-01-02 05:15:06 UTC" type="SUCCESS">
<messagebody>FHGProviderServices package installed and activated. The original package has been moved to package recovery area. Package has been moved to archive area as FHGProviderServices.zip_20190102051506.</messagebody>
<attributes>
<targetserver name="QA"/>
<asset name="FHGProviderServices" type="ispackage"/>
</attributes>
</message>
<message timeStamp="2019-01-02 05:15:06 UTC" type="SUCCESS">
<messagebody>Successfully deployed 35 isacl.</messagebody>
<attributes>
<targetserver name="QA"/>
<asset name="isacl" type="isacl"/>
</attributes>
</message>
<message timeStamp="2019-01-02 05:15:06 UTC" type="SUCCESS">
<messagebody>Successfully deployed 3 isurlalias.</messagebody>
<attributes>
<targetserver name="QA"/>
<asset name="isurlalias" type="isurlalias"/>
</attributes>
</message>
<message timeStamp="2019-01-02 05:15:07 UTC" type="SUCCESS">
<messagebody>Successfully deployed 8 isglobalvariable.</messagebody>
<attributes>
<targetserver name="QA"/>
<asset name="isglobalvariable" type="isglobalvariable"/>
</attributes>
</message>
</messages>
<endTime>2019-01-02 05:15:07 UTC</endTime>
</Report>
