<?xml version="1.0" encoding="UTF-8"?><?xml-stylesheet type="text/xsl" href="repository-deploySimulateRollback.xsl"?><Report projectType="Repository" status="0" type="Deploy">
<depCandidate>myDeployment</depCandidate>
<depMapName>myDeploymentMap</depMapName>
<projectDescription/>
<startTime>2018-11-22 08:47:07 UTC</startTime>
<projectName>Authenticate-10.1.54</projectName>
<user>Administrator</user>
<messages>
<message timeStamp="2018-11-22 08:47:07 UTC" type="MESSAGE">
<messagebody>[DEP.0005.1168] Deleted previously delivered artifacts successfully for IS.</messagebody>
<attributes>
<targetserver name="QA"/>
</attributes>
</message>
<message timeStamp="2018-11-22 08:47:08 UTC" type="MESSAGE">
<messagebody>[DEP.0005.1164] Artifacts delivered successfully to IS.</messagebody>
<attributes>
<targetserver name="QA"/>
</attributes>
</message>
<message timeStamp="2018-11-22 08:47:12 UTC" type="SUCCESS">
<messagebody>WxLog package installed and activated. The original package has been moved to package recovery area. Package has been moved to archive area as WxLog.zip_20181122084712.</messagebody>
<attributes>
<targetserver name="QA"/>
<asset name="WxLog" type="ispackage"/>
</attributes>
</message>
<message timeStamp="2018-11-22 08:47:13 UTC" type="SUCCESS">
<messagebody>WxMWS package installed and activated. The original package has been moved to package recovery area. Package has been moved to archive area as WxMWS.zip_20181122084713.</messagebody>
<attributes>
<targetserver name="QA"/>
<asset name="WxMWS" type="ispackage"/>
</attributes>
</message>
<message timeStamp="2018-11-22 08:47:17 UTC" type="SUCCESS">
<messagebody>FHGCommonServices package installed and activated. The original package has been moved to package recovery area. Package has been moved to archive area as FHGCommonServices.zip_20181122084717.</messagebody>
<attributes>
<targetserver name="QA"/>
<asset name="FHGCommonServices" type="ispackage"/>
</attributes>
</message>
<message timeStamp="2018-11-22 08:47:17 UTC" type="SUCCESS">
<messagebody>FHGCanonical package installed and activated. The original package has been moved to package recovery area. Package has been moved to archive area as FHGCanonical.zip_20181122084717.</messagebody>
<attributes>
<targetserver name="QA"/>
<asset name="FHGCanonical" type="ispackage"/>
</attributes>
</message>
<message timeStamp="2018-11-22 08:47:17 UTC" type="SUCCESS">
<messagebody>FHGFHN3SG package installed and activated. The original package has been moved to package recovery area. Package has been moved to archive area as FHGFHN3SG.zip_20181122084717.</messagebody>
<attributes>
<targetserver name="QA"/>
<asset name="FHGFHN3SG" type="ispackage"/>
</attributes>
</message>
<message timeStamp="2018-11-22 08:47:18 UTC" type="SUCCESS">
<messagebody>FHGMemberServices package installed and activated. The original package has been moved to package recovery area. Package has been moved to archive area as FHGMemberServices.zip_20181122084718.</messagebody>
<attributes>
<targetserver name="QA"/>
<asset name="FHGMemberServices" type="ispackage"/>
</attributes>
</message>
<message timeStamp="2018-11-22 08:47:21 UTC" type="SUCCESS">
<messagebody>FHGUtilities package installed and activated. The original package has been moved to package recovery area. Package has been moved to archive area as FHGUtilities.zip_20181122084721.</messagebody>
<attributes>
<targetserver name="QA"/>
<asset name="FHGUtilities" type="ispackage"/>
</attributes>
</message>
<message timeStamp="2018-11-22 08:47:21 UTC" type="SUCCESS">
<messagebody>FHGProviderServices package installed and activated. The original package has been moved to package recovery area. Package has been moved to archive area as FHGProviderServices.zip_20181122084721.</messagebody>
<attributes>
<targetserver name="QA"/>
<asset name="FHGProviderServices" type="ispackage"/>
</attributes>
</message>
<message timeStamp="2018-11-22 08:47:21 UTC" type="SUCCESS">
<messagebody>Successfully deployed 5 isacl.</messagebody>
<attributes>
<targetserver name="QA"/>
<asset name="isacl" type="isacl"/>
</attributes>
</message>
<message timeStamp="2018-11-22 08:47:21 UTC" type="SUCCESS">
<messagebody>Successfully deployed 3 isurlalias.</messagebody>
<attributes>
<targetserver name="QA"/>
<asset name="isurlalias" type="isurlalias"/>
</attributes>
</message>
<message timeStamp="2018-11-22 08:47:21 UTC" type="SUCCESS">
<messagebody>Successfully deployed 27 isglobalvariable.</messagebody>
<attributes>
<targetserver name="QA"/>
<asset name="isglobalvariable" type="isglobalvariable"/>
</attributes>
</message>
</messages>
<endTime>2018-11-22 08:47:22 UTC</endTime>
</Report>
