<?xml version="1.0" encoding="UTF-8"?><?xml-stylesheet type="text/xsl" href="repository-deploySimulateRollback.xsl"?><Report projectType="Repository" status="0" type="Checkpoint">
<depCandidate>myDeployment</depCandidate>
<depMapName>myDeploymentMap</depMapName>
<projectDescription/>
<startTime>2018-11-13 15:14:35 UTC</startTime>
<projectName>Authenticate-10.1.18</projectName>
<user>Administrator</user>
<messages>
<message timeStamp="2018-11-13 15:14:35 UTC" type="MESSAGE">
<messagebody>[DEP.0008.0021] Successfully deleted checkpoints for IS.</messagebody>
<attributes>
<targetserver name="QA"/>
</attributes>
</message>
<message timeStamp="2018-11-13 15:14:36 UTC" type="MESSAGE">
<messagebody>Asset WxMWS exists in the target Integration Server. Created checkpoint for the asset.</messagebody>
<attributes>
<targetserver name="QA"/>
<asset name="WxMWS" type="ispackage"/>
</attributes>
</message>
<message timeStamp="2018-11-13 15:14:36 UTC" type="MESSAGE">
<messagebody>Created ACDL file for the composite WxMWS.</messagebody>
<attributes>
<targetserver name="QA"/>
<asset name="WxMWS" type="ispackage"/>
</attributes>
</message>
<message timeStamp="2018-11-13 15:14:36 UTC" type="MESSAGE">
<messagebody>Created binary file for the composite WxMWS.</messagebody>
<attributes>
<targetserver name="QA"/>
<asset name="WxMWS" type="ispackage"/>
</attributes>
</message>
<message timeStamp="2018-11-13 15:14:36 UTC" type="MESSAGE">
<messagebody>Asset WxLog exists in the target Integration Server. Created checkpoint for the asset.</messagebody>
<attributes>
<targetserver name="QA"/>
<asset name="WxLog" type="ispackage"/>
</attributes>
</message>
<message timeStamp="2018-11-13 15:14:36 UTC" type="MESSAGE">
<messagebody>Created ACDL file for the composite WxLog.</messagebody>
<attributes>
<targetserver name="QA"/>
<asset name="WxLog" type="ispackage"/>
</attributes>
</message>
<message timeStamp="2018-11-13 15:14:36 UTC" type="MESSAGE">
<messagebody>Created binary file for the composite WxLog.</messagebody>
<attributes>
<targetserver name="QA"/>
<asset name="WxLog" type="ispackage"/>
</attributes>
</message>
<message timeStamp="2018-11-13 15:14:36 UTC" type="MESSAGE">
<messagebody>Asset Test1 exists in the target Integration Server. Created checkpoint for the asset.</messagebody>
<attributes>
<targetserver name="QA"/>
<asset name="Test1" type="ispackage"/>
</attributes>
</message>
<message timeStamp="2018-11-13 15:14:36 UTC" type="MESSAGE">
<messagebody>Created ACDL file for the composite Test1.</messagebody>
<attributes>
<targetserver name="QA"/>
<asset name="Test1" type="ispackage"/>
</attributes>
</message>
<message timeStamp="2018-11-13 15:14:36 UTC" type="MESSAGE">
<messagebody>Created binary file for the composite Test1.</messagebody>
<attributes>
<targetserver name="QA"/>
<asset name="Test1" type="ispackage"/>
</attributes>
</message>
<message timeStamp="2018-11-13 15:14:36 UTC" type="MESSAGE">
<messagebody>Asset FHGCommonServices exists in the target Integration Server. Created checkpoint for the asset.</messagebody>
<attributes>
<targetserver name="QA"/>
<asset name="FHGCommonServices" type="ispackage"/>
</attributes>
</message>
<message timeStamp="2018-11-13 15:14:36 UTC" type="MESSAGE">
<messagebody>Created ACDL file for the composite FHGCommonServices.</messagebody>
<attributes>
<targetserver name="QA"/>
<asset name="FHGCommonServices" type="ispackage"/>
</attributes>
</message>
<message timeStamp="2018-11-13 15:14:36 UTC" type="MESSAGE">
<messagebody>Created binary file for the composite FHGCommonServices.</messagebody>
<attributes>
<targetserver name="QA"/>
<asset name="FHGCommonServices" type="ispackage"/>
</attributes>
</message>
<message timeStamp="2018-11-13 15:14:36 UTC" type="MESSAGE">
<messagebody>Asset FHGCanonical exists in the target Integration Server. Created checkpoint for the asset.</messagebody>
<attributes>
<targetserver name="QA"/>
<asset name="FHGCanonical" type="ispackage"/>
</attributes>
</message>
<message timeStamp="2018-11-13 15:14:36 UTC" type="MESSAGE">
<messagebody>Created ACDL file for the composite FHGCanonical.</messagebody>
<attributes>
<targetserver name="QA"/>
<asset name="FHGCanonical" type="ispackage"/>
</attributes>
</message>
<message timeStamp="2018-11-13 15:14:36 UTC" type="MESSAGE">
<messagebody>Created binary file for the composite FHGCanonical.</messagebody>
<attributes>
<targetserver name="QA"/>
<asset name="FHGCanonical" type="ispackage"/>
</attributes>
</message>
<message timeStamp="2018-11-13 15:14:36 UTC" type="MESSAGE">
<messagebody>Asset FHGUtilities exists in the target Integration Server. Created checkpoint for the asset.</messagebody>
<attributes>
<targetserver name="QA"/>
<asset name="FHGUtilities" type="ispackage"/>
</attributes>
</message>
<message timeStamp="2018-11-13 15:14:36 UTC" type="MESSAGE">
<messagebody>Created ACDL file for the composite FHGUtilities.</messagebody>
<attributes>
<targetserver name="QA"/>
<asset name="FHGUtilities" type="ispackage"/>
</attributes>
</message>
<message timeStamp="2018-11-13 15:14:36 UTC" type="MESSAGE">
<messagebody>Created binary file for the composite FHGUtilities.</messagebody>
<attributes>
<targetserver name="QA"/>
<asset name="FHGUtilities" type="ispackage"/>
</attributes>
</message>
<message timeStamp="2018-11-13 15:14:36 UTC" type="MESSAGE">
<messagebody>Asset FHGProviderServices exists in the target Integration Server. Created checkpoint for the asset.</messagebody>
<attributes>
<targetserver name="QA"/>
<asset name="FHGProviderServices" type="ispackage"/>
</attributes>
</message>
<message timeStamp="2018-11-13 15:14:36 UTC" type="MESSAGE">
<messagebody>Created ACDL file for the composite FHGProviderServices.</messagebody>
<attributes>
<targetserver name="QA"/>
<asset name="FHGProviderServices" type="ispackage"/>
</attributes>
</message>
<message timeStamp="2018-11-13 15:14:36 UTC" type="MESSAGE">
<messagebody>Created binary file for the composite FHGProviderServices.</messagebody>
<attributes>
<targetserver name="QA"/>
<asset name="FHGProviderServices" type="ispackage"/>
</attributes>
</message>
<message timeStamp="2018-11-13 15:14:36 UTC" type="MESSAGE">
<messagebody>Persisted assets for checkpoint ID d0480f0a-1aaf-439e-addc-5a3c2705b2cf.</messagebody>
<attributes>
<targetserver name="QA"/>
<asset name="" type=""/>
</attributes>
</message>
<message timeStamp="2018-11-13 15:14:36 UTC" type="SUCCESS">
<messagebody>Successfully created checkpoint for the checkpoint ID d0480f0a-1aaf-439e-addc-5a3c2705b2cf.</messagebody>
<attributes>
<targetserver name="QA"/>
<asset name="" type=""/>
</attributes>
</message>
</messages>
<endTime>2018-11-13 15:14:36 UTC</endTime>
</Report>
