<?xml version="1.0" encoding="UTF-8"?><?xml-stylesheet type="text/xsl" href="repository-deploySimulateRollback.xsl"?><Report projectType="Repository" status="0" type="Deploy">
<depCandidate>myDeployment</depCandidate>
<depMapName>myDeploymentMap</depMapName>
<projectDescription/>
<startTime>2018-11-13 15:14:36 UTC</startTime>
<projectName>Authenticate-10.1.18</projectName>
<user>Administrator</user>
<messages>
<message timeStamp="2018-11-13 15:14:36 UTC" type="MESSAGE">
<messagebody>[DEP.0005.1168] Deleted previously delivered artifacts successfully for IS.</messagebody>
<attributes>
<targetserver name="QA"/>
</attributes>
</message>
<message timeStamp="2018-11-13 15:14:36 UTC" type="MESSAGE">
<messagebody>[DEP.0005.1164] Artifacts delivered successfully to IS.</messagebody>
<attributes>
<targetserver name="QA"/>
</attributes>
</message>
<message timeStamp="2018-11-13 15:14:37 UTC" type="SUCCESS">
<messagebody>WxMWS package installed and activated. The original package has been moved to package recovery area. Package has been moved to archive area as WxMWS.zip_20181113151437.</messagebody>
<attributes>
<targetserver name="QA"/>
<asset name="WxMWS" type="ispackage"/>
</attributes>
</message>
<message timeStamp="2018-11-13 15:14:41 UTC" type="SUCCESS">
<messagebody>WxLog package installed and activated. The original package has been moved to package recovery area. Package has been moved to archive area as WxLog.zip_20181113151441.</messagebody>
<attributes>
<targetserver name="QA"/>
<asset name="WxLog" type="ispackage"/>
</attributes>
</message>
<message timeStamp="2018-11-13 15:14:41 UTC" type="SUCCESS">
<messagebody>Test1 package installed and activated. The original package has been moved to package recovery area. Package has been moved to archive area as Test1.zip_20181113151441.</messagebody>
<attributes>
<targetserver name="QA"/>
<asset name="Test1" type="ispackage"/>
</attributes>
</message>
<message timeStamp="2018-11-13 15:14:44 UTC" type="SUCCESS">
<messagebody>FHGCommonServices package installed and activated. The original package has been moved to package recovery area. Package has been moved to archive area as FHGCommonServices.zip_20181113151444.</messagebody>
<attributes>
<targetserver name="QA"/>
<asset name="FHGCommonServices" type="ispackage"/>
</attributes>
</message>
<message timeStamp="2018-11-13 15:14:44 UTC" type="SUCCESS">
<messagebody>FHGCanonical package installed and activated. The original package has been moved to package recovery area. Package has been moved to archive area as FHGCanonical.zip_20181113151444.</messagebody>
<attributes>
<targetserver name="QA"/>
<asset name="FHGCanonical" type="ispackage"/>
</attributes>
</message>
<message timeStamp="2018-11-13 15:14:50 UTC" type="SUCCESS">
<messagebody>FHGUtilities package installed and activated. The original package has been moved to package recovery area. Package has been moved to archive area as FHGUtilities.zip_20181113151450.</messagebody>
<attributes>
<targetserver name="QA"/>
<asset name="FHGUtilities" type="ispackage"/>
</attributes>
</message>
<message timeStamp="2018-11-13 15:14:51 UTC" type="SUCCESS">
<messagebody>FHGProviderServices package installed and activated. The original package has been moved to package recovery area. Package has been moved to archive area as FHGProviderServices.zip_20181113151451.</messagebody>
<attributes>
<targetserver name="QA"/>
<asset name="FHGProviderServices" type="ispackage"/>
</attributes>
</message>
</messages>
<endTime>2018-11-13 15:14:51 UTC</endTime>
</Report>
