<?xml version="1.0" encoding="UTF-8"?><?xml-stylesheet type="text/xsl" href="repository-deploySimulateRollback.xsl"?><Report projectType="Repository" status="0" type="Checkpoint">
<depCandidate>myDeployment</depCandidate>
<depMapName>myDeploymentMap</depMapName>
<projectDescription/>
<startTime>2018-11-21 13:59:54 UTC</startTime>
<projectName>VerifyMember-10.1.50</projectName>
<user>Administrator</user>
<messages>
<message timeStamp="2018-11-21 13:59:54 UTC" type="MESSAGE">
<messagebody>[DEP.0008.0021] Successfully deleted checkpoints for IS.</messagebody>
<attributes>
<targetserver name="QA"/>
</attributes>
</message>
<message timeStamp="2018-11-21 13:59:55 UTC" type="MESSAGE">
<messagebody>Asset FHGCommonServices exists in the target Integration Server. Created checkpoint for the asset.</messagebody>
<attributes>
<targetserver name="QA"/>
<asset name="FHGCommonServices" type="ispackage"/>
</attributes>
</message>
<message timeStamp="2018-11-21 13:59:55 UTC" type="MESSAGE">
<messagebody>Created ACDL file for the composite FHGCommonServices.</messagebody>
<attributes>
<targetserver name="QA"/>
<asset name="FHGCommonServices" type="ispackage"/>
</attributes>
</message>
<message timeStamp="2018-11-21 13:59:55 UTC" type="MESSAGE">
<messagebody>Created binary file for the composite FHGCommonServices.</messagebody>
<attributes>
<targetserver name="QA"/>
<asset name="FHGCommonServices" type="ispackage"/>
</attributes>
</message>
<message timeStamp="2018-11-21 13:59:55 UTC" type="MESSAGE">
<messagebody>Asset WxMWS exists in the target Integration Server. Created checkpoint for the asset.</messagebody>
<attributes>
<targetserver name="QA"/>
<asset name="WxMWS" type="ispackage"/>
</attributes>
</message>
<message timeStamp="2018-11-21 13:59:55 UTC" type="MESSAGE">
<messagebody>Created ACDL file for the composite WxMWS.</messagebody>
<attributes>
<targetserver name="QA"/>
<asset name="WxMWS" type="ispackage"/>
</attributes>
</message>
<message timeStamp="2018-11-21 13:59:55 UTC" type="MESSAGE">
<messagebody>Created binary file for the composite WxMWS.</messagebody>
<attributes>
<targetserver name="QA"/>
<asset name="WxMWS" type="ispackage"/>
</attributes>
</message>
<message timeStamp="2018-11-21 13:59:55 UTC" type="MESSAGE">
<messagebody>Asset WxLog exists in the target Integration Server. Created checkpoint for the asset.</messagebody>
<attributes>
<targetserver name="QA"/>
<asset name="WxLog" type="ispackage"/>
</attributes>
</message>
<message timeStamp="2018-11-21 13:59:55 UTC" type="MESSAGE">
<messagebody>Created ACDL file for the composite WxLog.</messagebody>
<attributes>
<targetserver name="QA"/>
<asset name="WxLog" type="ispackage"/>
</attributes>
</message>
<message timeStamp="2018-11-21 13:59:55 UTC" type="MESSAGE">
<messagebody>Created binary file for the composite WxLog.</messagebody>
<attributes>
<targetserver name="QA"/>
<asset name="WxLog" type="ispackage"/>
</attributes>
</message>
<message timeStamp="2018-11-21 13:59:55 UTC" type="MESSAGE">
<messagebody>Asset FHGCanonical exists in the target Integration Server. Created checkpoint for the asset.</messagebody>
<attributes>
<targetserver name="QA"/>
<asset name="FHGCanonical" type="ispackage"/>
</attributes>
</message>
<message timeStamp="2018-11-21 13:59:55 UTC" type="MESSAGE">
<messagebody>Created ACDL file for the composite FHGCanonical.</messagebody>
<attributes>
<targetserver name="QA"/>
<asset name="FHGCanonical" type="ispackage"/>
</attributes>
</message>
<message timeStamp="2018-11-21 13:59:55 UTC" type="MESSAGE">
<messagebody>Created binary file for the composite FHGCanonical.</messagebody>
<attributes>
<targetserver name="QA"/>
<asset name="FHGCanonical" type="ispackage"/>
</attributes>
</message>
<message timeStamp="2018-11-21 13:59:55 UTC" type="MESSAGE">
<messagebody>Asset FHGFHN3SG exists in the target Integration Server. Created checkpoint for the asset.</messagebody>
<attributes>
<targetserver name="QA"/>
<asset name="FHGFHN3SG" type="ispackage"/>
</attributes>
</message>
<message timeStamp="2018-11-21 13:59:55 UTC" type="MESSAGE">
<messagebody>Created ACDL file for the composite FHGFHN3SG.</messagebody>
<attributes>
<targetserver name="QA"/>
<asset name="FHGFHN3SG" type="ispackage"/>
</attributes>
</message>
<message timeStamp="2018-11-21 13:59:55 UTC" type="MESSAGE">
<messagebody>Created binary file for the composite FHGFHN3SG.</messagebody>
<attributes>
<targetserver name="QA"/>
<asset name="FHGFHN3SG" type="ispackage"/>
</attributes>
</message>
<message timeStamp="2018-11-21 13:59:55 UTC" type="MESSAGE">
<messagebody>Asset FHGMemberServices exists in the target Integration Server. Created checkpoint for the asset.</messagebody>
<attributes>
<targetserver name="QA"/>
<asset name="FHGMemberServices" type="ispackage"/>
</attributes>
</message>
<message timeStamp="2018-11-21 13:59:55 UTC" type="MESSAGE">
<messagebody>Created ACDL file for the composite FHGMemberServices.</messagebody>
<attributes>
<targetserver name="QA"/>
<asset name="FHGMemberServices" type="ispackage"/>
</attributes>
</message>
<message timeStamp="2018-11-21 13:59:55 UTC" type="MESSAGE">
<messagebody>Created binary file for the composite FHGMemberServices.</messagebody>
<attributes>
<targetserver name="QA"/>
<asset name="FHGMemberServices" type="ispackage"/>
</attributes>
</message>
<message timeStamp="2018-11-21 13:59:55 UTC" type="MESSAGE">
<messagebody>Asset FHGUtilities exists in the target Integration Server. Created checkpoint for the asset.</messagebody>
<attributes>
<targetserver name="QA"/>
<asset name="FHGUtilities" type="ispackage"/>
</attributes>
</message>
<message timeStamp="2018-11-21 13:59:55 UTC" type="MESSAGE">
<messagebody>Created ACDL file for the composite FHGUtilities.</messagebody>
<attributes>
<targetserver name="QA"/>
<asset name="FHGUtilities" type="ispackage"/>
</attributes>
</message>
<message timeStamp="2018-11-21 13:59:55 UTC" type="MESSAGE">
<messagebody>Created binary file for the composite FHGUtilities.</messagebody>
<attributes>
<targetserver name="QA"/>
<asset name="FHGUtilities" type="ispackage"/>
</attributes>
</message>
<message timeStamp="2018-11-21 13:59:55 UTC" type="MESSAGE">
<messagebody>Asset FHGProviderServices exists in the target Integration Server. Created checkpoint for the asset.</messagebody>
<attributes>
<targetserver name="QA"/>
<asset name="FHGProviderServices" type="ispackage"/>
</attributes>
</message>
<message timeStamp="2018-11-21 13:59:55 UTC" type="MESSAGE">
<messagebody>Created ACDL file for the composite FHGProviderServices.</messagebody>
<attributes>
<targetserver name="QA"/>
<asset name="FHGProviderServices" type="ispackage"/>
</attributes>
</message>
<message timeStamp="2018-11-21 13:59:55 UTC" type="MESSAGE">
<messagebody>Created binary file for the composite FHGProviderServices.</messagebody>
<attributes>
<targetserver name="QA"/>
<asset name="FHGProviderServices" type="ispackage"/>
</attributes>
</message>
<message timeStamp="2018-11-21 13:59:56 UTC" type="MESSAGE">
<messagebody>Asset Acl.DeployerAdmin exists in the target Integration Server. Created checkpoint for the asset.</messagebody>
<attributes>
<targetserver name="QA"/>
<asset name="Acl.DeployerAdmin" type="isacl"/>
</attributes>
</message>
<message timeStamp="2018-11-21 13:59:56 UTC" type="MESSAGE">
<messagebody>Asset Acl.ISConnect exists in the target Integration Server. Created checkpoint for the asset.</messagebody>
<attributes>
<targetserver name="QA"/>
<asset name="Acl.ISConnect" type="isacl"/>
</attributes>
</message>
<message timeStamp="2018-11-21 13:59:56 UTC" type="MESSAGE">
<messagebody>Asset Acl.Authenticate exists in the target Integration Server. Created checkpoint for the asset.</messagebody>
<attributes>
<targetserver name="QA"/>
<asset name="Acl.Authenticate" type="isacl"/>
</attributes>
</message>
<message timeStamp="2018-11-21 13:59:56 UTC" type="MESSAGE">
<messagebody>Asset Acl.MonitorAdministrators exists in the target Integration Server. Created checkpoint for the asset.</messagebody>
<attributes>
<targetserver name="QA"/>
<asset name="Acl.MonitorAdministrators" type="isacl"/>
</attributes>
</message>
<message timeStamp="2018-11-21 13:59:56 UTC" type="MESSAGE">
<messagebody>Asset Acl.MonitorUsers exists in the target Integration Server. Created checkpoint for the asset.</messagebody>
<attributes>
<targetserver name="QA"/>
<asset name="Acl.MonitorUsers" type="isacl"/>
</attributes>
</message>
<message timeStamp="2018-11-21 13:59:56 UTC" type="MESSAGE">
<messagebody>Asset URLAlias.member exists in the target Integration Server. Created checkpoint for the asset.</messagebody>
<attributes>
<targetserver name="QA"/>
<asset name="URLAlias.member" type="isurlalias"/>
</attributes>
</message>
<message timeStamp="2018-11-21 13:59:56 UTC" type="MESSAGE">
<messagebody>Asset URLAlias.provider exists in the target Integration Server. Created checkpoint for the asset.</messagebody>
<attributes>
<targetserver name="QA"/>
<asset name="URLAlias.provider" type="isurlalias"/>
</attributes>
</message>
<message timeStamp="2018-11-21 13:59:56 UTC" type="MESSAGE">
<messagebody>Asset URLAlias.utilities exists in the target Integration Server. Created checkpoint for the asset.</messagebody>
<attributes>
<targetserver name="QA"/>
<asset name="URLAlias.utilities" type="isurlalias"/>
</attributes>
</message>
<message timeStamp="2018-11-21 13:59:56 UTC" type="MESSAGE">
<messagebody>Asset GlobalVariable.test exists in the target Integration Server. Created checkpoint for the asset.</messagebody>
<attributes>
<targetserver name="QA"/>
<asset name="GlobalVariable.test" type="isglobalvariable"/>
</attributes>
</message>
<message timeStamp="2018-11-21 13:59:56 UTC" type="MESSAGE">
<messagebody>Asset GlobalVariable.v01.authenticateUser.url exists in the target Integration Server. Created checkpoint for the asset.</messagebody>
<attributes>
<targetserver name="QA"/>
<asset name="GlobalVariable.v01.authenticateUser.url" type="isglobalvariable"/>
</attributes>
</message>
<message timeStamp="2018-11-21 13:59:56 UTC" type="MESSAGE">
<messagebody>Asset GlobalVariable.v01.authenticateUser.timeout exists in the target Integration Server. Created checkpoint for the asset.</messagebody>
<attributes>
<targetserver name="QA"/>
<asset name="GlobalVariable.v01.authenticateUser.timeout" type="isglobalvariable"/>
</attributes>
</message>
<message timeStamp="2018-11-21 13:59:56 UTC" type="MESSAGE">
<messagebody>Asset GlobalVariable.v01.authenticate.service_id exists in the target Integration Server. Created checkpoint for the asset.</messagebody>
<attributes>
<targetserver name="QA"/>
<asset name="GlobalVariable.v01.authenticate.service_id" type="isglobalvariable"/>
</attributes>
</message>
<message timeStamp="2018-11-21 13:59:56 UTC" type="MESSAGE">
<messagebody>Asset GlobalVariable.v01.authenticate.logger exists in the target Integration Server. Created checkpoint for the asset.</messagebody>
<attributes>
<targetserver name="QA"/>
<asset name="GlobalVariable.v01.authenticate.logger" type="isglobalvariable"/>
</attributes>
</message>
<message timeStamp="2018-11-21 13:59:56 UTC" type="MESSAGE">
<messagebody>Asset GlobalVariable.v01.authenticate.success exists in the target Integration Server. Created checkpoint for the asset.</messagebody>
<attributes>
<targetserver name="QA"/>
<asset name="GlobalVariable.v01.authenticate.success" type="isglobalvariable"/>
</attributes>
</message>
<message timeStamp="2018-11-21 13:59:56 UTC" type="MESSAGE">
<messagebody>Asset GlobalVariable.v01.authenticate.successstatus exists in the target Integration Server. Created checkpoint for the asset.</messagebody>
<attributes>
<targetserver name="QA"/>
<asset name="GlobalVariable.v01.authenticate.successstatus" type="isglobalvariable"/>
</attributes>
</message>
<message timeStamp="2018-11-21 13:59:56 UTC" type="MESSAGE">
<messagebody>Asset GlobalVariable.v01.authenticate.failure exists in the target Integration Server. Created checkpoint for the asset.</messagebody>
<attributes>
<targetserver name="QA"/>
<asset name="GlobalVariable.v01.authenticate.failure" type="isglobalvariable"/>
</attributes>
</message>
<message timeStamp="2018-11-21 13:59:56 UTC" type="MESSAGE">
<messagebody>Asset GlobalVariable..authenticate.failurestatus exists in the target Integration Server. Created checkpoint for the asset.</messagebody>
<attributes>
<targetserver name="QA"/>
<asset name="GlobalVariable..authenticate.failurestatus" type="isglobalvariable"/>
</attributes>
</message>
<message timeStamp="2018-11-21 13:59:56 UTC" type="MESSAGE">
<messagebody>Asset GlobalVariable.v01.authenticate.invalidlogin.code exists in the target Integration Server. Created checkpoint for the asset.</messagebody>
<attributes>
<targetserver name="QA"/>
<asset name="GlobalVariable.v01.authenticate.invalidlogin.code" type="isglobalvariable"/>
</attributes>
</message>
<message timeStamp="2018-11-21 13:59:56 UTC" type="MESSAGE">
<messagebody>Asset GlobalVariable.v01.authenticate.invalidlogin.message exists in the target Integration Server. Created checkpoint for the asset.</messagebody>
<attributes>
<targetserver name="QA"/>
<asset name="GlobalVariable.v01.authenticate.invalidlogin.message" type="isglobalvariable"/>
</attributes>
</message>
<message timeStamp="2018-11-21 13:59:56 UTC" type="MESSAGE">
<messagebody>Asset GlobalVariable.v01.authenticate.internalerror.code exists in the target Integration Server. Created checkpoint for the asset.</messagebody>
<attributes>
<targetserver name="QA"/>
<asset name="GlobalVariable.v01.authenticate.internalerror.code" type="isglobalvariable"/>
</attributes>
</message>
<message timeStamp="2018-11-21 13:59:56 UTC" type="MESSAGE">
<messagebody>Asset GlobalVariable.v01.authenticate.dataissue.code exists in the target Integration Server. Created checkpoint for the asset.</messagebody>
<attributes>
<targetserver name="QA"/>
<asset name="GlobalVariable.v01.authenticate.dataissue.code" type="isglobalvariable"/>
</attributes>
</message>
<message timeStamp="2018-11-21 13:59:56 UTC" type="MESSAGE">
<messagebody>Asset GlobalVariable.v01.authenticate.dataissue.message exists in the target Integration Server. Created checkpoint for the asset.</messagebody>
<attributes>
<targetserver name="QA"/>
<asset name="GlobalVariable.v01.authenticate.dataissue.message" type="isglobalvariable"/>
</attributes>
</message>
<message timeStamp="2018-11-21 13:59:56 UTC" type="MESSAGE">
<messagebody>Asset GlobalVariable.v01.authenticate.failurestatus exists in the target Integration Server. Created checkpoint for the asset.</messagebody>
<attributes>
<targetserver name="QA"/>
<asset name="GlobalVariable.v01.authenticate.failurestatus" type="isglobalvariable"/>
</attributes>
</message>
<message timeStamp="2018-11-21 13:59:56 UTC" type="MESSAGE">
<messagebody>Asset GlobalVariable.v01.verifyMember.FHN3URL exists in the target Integration Server. Created checkpoint for the asset.</messagebody>
<attributes>
<targetserver name="QA"/>
<asset name="GlobalVariable.v01.verifyMember.FHN3URL" type="isglobalvariable"/>
</attributes>
</message>
<message timeStamp="2018-11-21 13:59:56 UTC" type="MESSAGE">
<messagebody>Asset GlobalVariable.v01.verifyMember.timeout exists in the target Integration Server. Created checkpoint for the asset.</messagebody>
<attributes>
<targetserver name="QA"/>
<asset name="GlobalVariable.v01.verifyMember.timeout" type="isglobalvariable"/>
</attributes>
</message>
<message timeStamp="2018-11-21 13:59:56 UTC" type="MESSAGE">
<messagebody>Asset GlobalVariable.v01.verifyMember.FHN3.500Error exists in the target Integration Server. Created checkpoint for the asset.</messagebody>
<attributes>
<targetserver name="QA"/>
<asset name="GlobalVariable.v01.verifyMember.FHN3.500Error" type="isglobalvariable"/>
</attributes>
</message>
<message timeStamp="2018-11-21 13:59:56 UTC" type="MESSAGE">
<messagebody>Asset GlobalVariable.v01.verifyMember.FHN3.Error exists in the target Integration Server. Created checkpoint for the asset.</messagebody>
<attributes>
<targetserver name="QA"/>
<asset name="GlobalVariable.v01.verifyMember.FHN3.Error" type="isglobalvariable"/>
</attributes>
</message>
<message timeStamp="2018-11-21 13:59:56 UTC" type="MESSAGE">
<messagebody>Asset GlobalVariable.v01.verifyMember.ESB.ErrorCode exists in the target Integration Server. Created checkpoint for the asset.</messagebody>
<attributes>
<targetserver name="QA"/>
<asset name="GlobalVariable.v01.verifyMember.ESB.ErrorCode" type="isglobalvariable"/>
</attributes>
</message>
<message timeStamp="2018-11-21 13:59:56 UTC" type="MESSAGE">
<messagebody>Asset GlobalVariable.v01.verifyMember.service_id exists in the target Integration Server. Created checkpoint for the asset.</messagebody>
<attributes>
<targetserver name="QA"/>
<asset name="GlobalVariable.v01.verifyMember.service_id" type="isglobalvariable"/>
</attributes>
</message>
<message timeStamp="2018-11-21 13:59:56 UTC" type="MESSAGE">
<messagebody>Asset GlobalVariable.v01.verifyMember.logger exists in the target Integration Server. Created checkpoint for the asset.</messagebody>
<attributes>
<targetserver name="QA"/>
<asset name="GlobalVariable.v01.verifyMember.logger" type="isglobalvariable"/>
</attributes>
</message>
<message timeStamp="2018-11-21 13:59:56 UTC" type="MESSAGE">
<messagebody>Asset GlobalVariable.v01.verifyMember.dataissue.code exists in the target Integration Server. Created checkpoint for the asset.</messagebody>
<attributes>
<targetserver name="QA"/>
<asset name="GlobalVariable.v01.verifyMember.dataissue.code" type="isglobalvariable"/>
</attributes>
</message>
<message timeStamp="2018-11-21 13:59:56 UTC" type="MESSAGE">
<messagebody>Asset GlobalVariable.v01.verifyMember.failure exists in the target Integration Server. Created checkpoint for the asset.</messagebody>
<attributes>
<targetserver name="QA"/>
<asset name="GlobalVariable.v01.verifyMember.failure" type="isglobalvariable"/>
</attributes>
</message>
<message timeStamp="2018-11-21 13:59:56 UTC" type="MESSAGE">
<messagebody>Asset GlobalVariable.v01.verifyMember.dataissue.message exists in the target Integration Server. Created checkpoint for the asset.</messagebody>
<attributes>
<targetserver name="QA"/>
<asset name="GlobalVariable.v01.verifyMember.dataissue.message" type="isglobalvariable"/>
</attributes>
</message>
<message timeStamp="2018-11-21 13:59:56 UTC" type="MESSAGE">
<messagebody>Asset GlobalVariable.v01.verifyMember.success does not exist in the target Integration Server. Created checkpoint for the asset.</messagebody>
<attributes>
<targetserver name="QA"/>
<asset name="GlobalVariable.v01.verifyMember.success" type="isglobalvariable"/>
</attributes>
</message>
<message timeStamp="2018-11-21 13:59:56 UTC" type="MESSAGE">
<messagebody>Created ACDL file for the composite isconfiguration.</messagebody>
<attributes>
<targetserver name="QA"/>
<asset name="isconfiguration" type="isconfiguration"/>
</attributes>
</message>
<message timeStamp="2018-11-21 13:59:56 UTC" type="MESSAGE">
<messagebody>Created binary file for the composite isconfiguration.</messagebody>
<attributes>
<targetserver name="QA"/>
<asset name="isconfiguration" type="isconfiguration"/>
</attributes>
</message>
<message timeStamp="2018-11-21 13:59:56 UTC" type="MESSAGE">
<messagebody>Persisted assets for checkpoint ID 996f3ca2-2639-44ae-a9fc-29a192ce0146.</messagebody>
<attributes>
<targetserver name="QA"/>
<asset name="" type=""/>
</attributes>
</message>
<message timeStamp="2018-11-21 13:59:56 UTC" type="SUCCESS">
<messagebody>Successfully created checkpoint for the checkpoint ID 996f3ca2-2639-44ae-a9fc-29a192ce0146.</messagebody>
<attributes>
<targetserver name="QA"/>
<asset name="" type=""/>
</attributes>
</message>
</messages>
<endTime>2018-11-21 13:59:56 UTC</endTime>
</Report>
